14-3-3	pfam:PF00244	SFN	uniprot:P31947
14-3-3	pfam:PF00244	YWHAB	uniprot:P31946
14-3-3	pfam:PF00244	YWHAE	uniprot:P62258
14-3-3	pfam:PF00244	YWHAG	uniprot:P61981
14-3-3	pfam:PF00244	YWHAH	uniprot:Q04917
14-3-3	pfam:PF00244	YWHAQ	uniprot:P27348
14-3-3	pfam:PF00244	YWHAZ	uniprot:P63104
Sulfonylurea Receptor	uaz:UAZ-PF-2	ABCC8	uniprot:Q09428
Sulfonylurea Receptor	uaz:UAZ-PF-2	ABCC9	uniprot:O60706
ACAD	uaz:UAZ-PF-3	ACAD8	uniprot:Q9UKU7
ACAD	uaz:UAZ-PF-3	ACAD9	uniprot:Q9H845
ACAD	uaz:UAZ-PF-3	ACADL	uniprot:P28330
ACAD	uaz:UAZ-PF-3	ACADM	uniprot:P11310
ACAD	uaz:UAZ-PF-3	ACADS	uniprot:P16219
ACAD	uaz:UAZ-PF-3	ACADVL	uniprot:P49748
ACAD	uaz:UAZ-PF-3	ACAD10	uniprot:Q6JQN1
ACAD	uaz:UAZ-PF-3	ACAD11	uniprot:Q709F0
ACAD	uaz:UAZ-PF-3	ACADSB	uniprot:P45954
ACAD	uaz:UAZ-PF-3	GCDH	uniprot:Q92947
ACAD	uaz:UAZ-PF-3	IVD	uniprot:P26440
Acetyl-CoA Synthetase	uaz:UAZ-PF-4	SLC27A2	uniprot:O14975
Acetyl-CoA Synthetase	uaz:UAZ-PF-4	ACSL1	uniprot:P33121
Acetyl-CoA Synthetase	uaz:UAZ-PF-4	ACSL3	uniprot:O95573
Acetyl-CoA Synthetase	uaz:UAZ-PF-4	ACSL4	uniprot:O60488
Acetyl-CoA Synthetase	uaz:UAZ-PF-4	ACSL5	uniprot:Q9ULC5
Acetyl-CoA Synthetase	uaz:UAZ-PF-4	ACSL6	uniprot:Q9UKU0
ACOX	pfam:PF01756	ACOX1	uniprot:Q15067
ACOX	pfam:PF01756	ACOX2	uniprot:Q99424
ACOX	pfam:PF01756	ACOX3	uniprot:O15254
ACOX	pfam:PF01756	ACOXL	uniprot:Q9NUZ1
ACSL	uaz:UAZ-PF-6	ACSL1	uniprot:P33121
ACSL	uaz:UAZ-PF-6	ACSL3	uniprot:O95573
ACSL	uaz:UAZ-PF-6	ACSL4	uniprot:O60488
ACSL	uaz:UAZ-PF-6	ACSL5	uniprot:Q9ULC5
ACSL	uaz:UAZ-PF-6	ACSL6	uniprot:Q9UKU0
ACT	pfam:PF01842	ACTB	uniprot:P60709
ACT	pfam:PF01842	ACTC1	uniprot:P68032
ACT	pfam:PF01842	ACTG1	uniprot:P63261
ACT	pfam:PF01842	ACTG2	uniprot:P63267
ACT	pfam:PF01842	ACTA1	uniprot:P68133
ACT	pfam:PF01842	ACTA2	uniprot:P62736
ACTN	uaz:UAZ-PF-8	ACTN1	uniprot:P12814
ACTN	uaz:UAZ-PF-8	ACTN2	uniprot:P35609
ACTN	uaz:UAZ-PF-8	ACTN3	uniprot:Q08043
ACTN	uaz:UAZ-PF-8	ACTN4	uniprot:O43707
ADCY	uaz:UAZ-PF-9	ADCY1	uniprot:Q08828
ADCY	uaz:UAZ-PF-9	ADCY2	uniprot:Q08462
ADCY	uaz:UAZ-PF-9	ADCY3	uniprot:O60266
ADCY	uaz:UAZ-PF-9	ADCY4	uniprot:Q8NFM4
ADCY	uaz:UAZ-PF-9	ADCY5	uniprot:O95622
ADCY	uaz:UAZ-PF-9	ADCY6	uniprot:O43306
ADCY	uaz:UAZ-PF-9	ADCY7	uniprot:P51828
ADCY	uaz:UAZ-PF-9	ADCY8	uniprot:P40145
ADCY	uaz:UAZ-PF-9	ADCY9	uniprot:O60503
ADCY	uaz:UAZ-PF-9	ADCY10	uniprot:Q96PN6
ADH	uaz:UAZ-PF-10	ADH1A	uniprot:P07327
ADH	uaz:UAZ-PF-10	ADH1B	uniprot:P00325
ADH	uaz:UAZ-PF-10	ADH1C	uniprot:P00326
ADH	uaz:UAZ-PF-10	ADH4	uniprot:P08319
ADH	uaz:UAZ-PF-10	ADH5	uniprot:P11766
ADH	uaz:UAZ-PF-10	ADH6	uniprot:P28332
ADH	uaz:UAZ-PF-10	ADH7	uniprot:P40394
ADH	uaz:UAZ-PF-10	ADHFE1	uniprot:Q8IWW8
ADRA	uaz:UAZ-PF-11	ADRA1A	uniprot:P35348
ADRA	uaz:UAZ-PF-11	ADRA1B	uniprot:P35368
ADRA	uaz:UAZ-PF-11	ADRA1D	uniprot:P25100
ADRA	uaz:UAZ-PF-11	ADRA2A	uniprot:P08913
ADRA	uaz:UAZ-PF-11	ADRA2B	uniprot:P18089
ADRA	uaz:UAZ-PF-11	ADRA2C	uniprot:P18825
ADRA2	uaz:UAZ-PF-12	ADRA2A	uniprot:P08913
ADRA2	uaz:UAZ-PF-12	ADRA2B	uniprot:P18089
ADRA2	uaz:UAZ-PF-12	ADRA2C	uniprot:P18825
ADRB	uaz:UAZ-PF-13	ADRB1	uniprot:P08588
ADRB	uaz:UAZ-PF-13	ADRB2	uniprot:P07550
ADRB	uaz:UAZ-PF-13	ADRB3	uniprot:P13945
ADRBK	uaz:UAZ-PF-14	ADRBK1	uniprot:P25098
ADRBK	uaz:UAZ-PF-14	ADRBK2	uniprot:P35626
AKT	uaz:UAZ-PF-15	AKT1	uniprot:P31749
AKT	uaz:UAZ-PF-15	AKT2	uniprot:P31751
AKT	uaz:UAZ-PF-15	AKT3	uniprot:Q9Y243
ALDH	uaz:UAZ-PF-16	ALDH1A1	uniprot:P00352
ALDH	uaz:UAZ-PF-16	ALDH1A2	uniprot:O94788
ALDH	uaz:UAZ-PF-16	ALDH1A3	uniprot:P47895
ALDH	uaz:UAZ-PF-16	ALDH2	uniprot:P05091
ALDH	uaz:UAZ-PF-16	ALDH3A1	uniprot:P30838
ALDH	uaz:UAZ-PF-16	ALDH3A2	uniprot:P51648
ALDH	uaz:UAZ-PF-16	ALDH3B1	uniprot:P43353
ALDH	uaz:UAZ-PF-16	ALDH5A1	uniprot:P51649
ALDH	uaz:UAZ-PF-16	ALDH7A1	uniprot:P49419
ALDH	uaz:UAZ-PF-16	ALDH9A1	uniprot:P49189
ALDO	uaz:UAZ-PF-17	ALDOA	uniprot:P04075
ALDO	uaz:UAZ-PF-17	ALDOB	uniprot:P05062
ALDO	uaz:UAZ-PF-17	ALDOC	uniprot:P09972
APOA	uaz:UAZ-PF-18	APOA1	uniprot:P02647
APOA	uaz:UAZ-PF-18	APOA2	uniprot:P02652
APOA	uaz:UAZ-PF-18	APOA4	uniprot:P06727
APOA	uaz:UAZ-PF-18	APOA5	uniprot:Q6Q788
ARRB	uaz:UAZ-PF-19	ARRB1	uniprot:P49407
ARRB	uaz:UAZ-PF-19	ARRB2	uniprot:P32121
ATP2A	uaz:UAZ-PF-20	ATP2A1	uniprot:O14983
ATP2A	uaz:UAZ-PF-20	ATP2A2	uniprot:P16615
ATP2A	uaz:UAZ-PF-20	ATP2A3	uniprot:Q93084
ATP5G	uaz:UAZ-PF-21	ATP5G1	uniprot:P05496
ATP5G	uaz:UAZ-PF-21	ATP5G2	uniprot:Q06055
ATP5G	uaz:UAZ-PF-21	ATP5G3	uniprot:P48201
AXIN	uaz:UAZ-PF-22	AXIN1	uniprot:O15169
AXIN	uaz:UAZ-PF-22	AXIN2	uniprot:Q9Y2T1
BIRC	uaz:UAZ-PF-23	BIRC2	uniprot:Q13490
BIRC	uaz:UAZ-PF-23	BIRC3	uniprot:Q13489
BIRC	uaz:UAZ-PF-23	BIRC5	uniprot:O15392
BIRC	uaz:UAZ-PF-23	BIRC6	uniprot:Q9NR09
BIRC	uaz:UAZ-PF-23	BIRC7	uniprot:Q96CA5
BIRC	uaz:UAZ-PF-23	BIRC8	uniprot:Q96P09
BIRC	uaz:UAZ-PF-23	NAIP	uniprot:Q13075
BIRC	uaz:UAZ-PF-23	XIAP	uniprot:P98170
BMP	pfam:PF02608	BMP10	uniprot:O95393
BMP	pfam:PF02608	BMP2	uniprot:P12643
BMP	pfam:PF02608	BMP4	uniprot:P12644
BMP	pfam:PF02608	BMP5	uniprot:P22003
BMP	pfam:PF02608	BMP6	uniprot:P22004
BMP	pfam:PF02608	BMP7	uniprot:P18075
BMP	pfam:PF02608	BMP8A	uniprot:Q7Z5Y6
BMP	pfam:PF02608	BMP8B	uniprot:P34820
BMP	pfam:PF02608	GDF1	uniprot:P27539
BMP	pfam:PF02608	GDF2	uniprot:Q9UK05
BMP	pfam:PF02608	GDF3	uniprot:Q9NR23
BMP	pfam:PF02608	GDF5	uniprot:P43026
BMP	pfam:PF02608	GDF6	uniprot:Q6KF10
BMP	pfam:PF02608	GDF7	uniprot:Q7Z4P5
BMP Receptor Type I	uaz:UAZ-PF-25	ACVR1	uniprot:Q04771
BMP Receptor Type I	uaz:UAZ-PF-25	BMPR1A	uniprot:P36894
BMP Receptor Type I	uaz:UAZ-PF-25	BMPR1B	uniprot:O00238
BMP Receptor Type II	uaz:UAZ-PF-26	ACVR2A	uniprot:P27037
BMP Receptor Type II	uaz:UAZ-PF-26	ACVR2B	uniprot:Q13705
BMP Receptor Type II	uaz:UAZ-PF-26	BMPR2	uniprot:Q13873
CALM	uaz:UAZ-PF-27	CALM1	uniprot:P62158
CALM	uaz:UAZ-PF-27	CALM2	uniprot:P62158
CALM	uaz:UAZ-PF-27	CALM3	uniprot:P62158
CAMK	uaz:UAZ-PF-28	CAMK1	uniprot:Q14012
CAMK	uaz:UAZ-PF-28	CAMK1D	uniprot:Q8IU85
CAMK	uaz:UAZ-PF-28	CAMK1G	uniprot:Q96NX5
CAMK	uaz:UAZ-PF-28	CAMK2A	uniprot:Q9UQM7
CAMK	uaz:UAZ-PF-28	CAMK2B	uniprot:Q13554
CAMK	uaz:UAZ-PF-28	CAMK2D	uniprot:Q13557
CAMK	uaz:UAZ-PF-28	CAMK2G	uniprot:Q13555
CAMK	uaz:UAZ-PF-28	CAMK4	uniprot:Q16566
CAMK2	uaz:UAZ-PF-29	CAMK2A	uniprot:Q9UQM7
CAMK2	uaz:UAZ-PF-29	CAMK2B	uniprot:Q13554
CAMK2	uaz:UAZ-PF-29	CAMK2D	uniprot:Q13557
CAMK2	uaz:UAZ-PF-29	CAMK2G	uniprot:Q13555
CAPN	uaz:UAZ-PF-30	CAPN1	uniprot:P07384
CAPN	uaz:UAZ-PF-30	CAPN10	uniprot:Q9HC96
CAPN	uaz:UAZ-PF-30	CAPN11	uniprot:Q9UMQ6
CAPN	uaz:UAZ-PF-30	CAPN12	uniprot:Q6ZSI9
CAPN	uaz:UAZ-PF-30	CAPN13	uniprot:Q6MZZ7
CAPN	uaz:UAZ-PF-30	CAPN14	uniprot:A8MX76
CAPN	uaz:UAZ-PF-30	CAPN2	uniprot:P17655
CAPN	uaz:UAZ-PF-30	CAPN3	uniprot:P20807
CAPN	uaz:UAZ-PF-30	CAPN5	uniprot:O15484
CAPN	uaz:UAZ-PF-30	CAPN6	uniprot:Q9Y6Q1
CAPN	uaz:UAZ-PF-30	CAPN7	uniprot:Q9Y6W3
CAPN	uaz:UAZ-PF-30	CAPN9	uniprot:O14815
CAPN	uaz:UAZ-PF-30	CAPN15	uniprot:O75808
CAPN	uaz:UAZ-PF-30	CAPN8	uniprot:A6NHC0
CAPN	uaz:UAZ-PF-30	C6orf103	uniprot:A6NHC0
Carboxylesterase	uaz:UAZ-PF-31	CES1	uniprot:P23141
Carboxylesterase	uaz:UAZ-PF-31	CES2	uniprot:O00748
Carboxylesterase	uaz:UAZ-PF-31	CES3	uniprot:Q6UWW8
Carboxylesterase	uaz:UAZ-PF-31	CES4A	uniprot:Q5XG92
Carboxylesterase	uaz:UAZ-PF-31	CES5A	uniprot:Q6NT32
CASP	uaz:UAZ-PF-32	CASP1	uniprot:P29466
CASP	uaz:UAZ-PF-32	CASP10	uniprot:Q92851
CASP	uaz:UAZ-PF-32	CASP14	uniprot:P31944
CASP	uaz:UAZ-PF-32	CASP2	uniprot:P42575
CASP	uaz:UAZ-PF-32	CASP3	uniprot:P42574
CASP	uaz:UAZ-PF-32	CASP4	uniprot:P49662
CASP	uaz:UAZ-PF-32	CASP5	uniprot:P51878
CASP	uaz:UAZ-PF-32	CASP6	uniprot:P55212
CASP	uaz:UAZ-PF-32	CASP7	uniprot:P55210
CASP	uaz:UAZ-PF-32	CASP8	uniprot:Q14790
CASP	uaz:UAZ-PF-32	CASP9	uniprot:P55211
CASP	uaz:UAZ-PF-32	CFLAR	uniprot:O15519
CAV	uaz:UAZ-PF-33	CAV1	uniprot:Q03135
CAV	uaz:UAZ-PF-33	CAV2	uniprot:P51636
CAV	uaz:UAZ-PF-33	CAV3	uniprot:P56539
CCNA	uaz:UAZ-PF-34	CCNA1	uniprot:P78396
CCNA	uaz:UAZ-PF-34	CCNA2	uniprot:P20248
CCND	uaz:UAZ-PF-35	CCND1	uniprot:P24385
CCND	uaz:UAZ-PF-35	CCND2	uniprot:P30279
CCND	uaz:UAZ-PF-35	CCND3	uniprot:P30281
CCNE	uaz:UAZ-PF-36	CCNE1	uniprot:P24864
CCNE	uaz:UAZ-PF-36	CCNE2	uniprot:O96020
CD16	uaz:UAZ-PF-37	FCGR3A	uniprot:P08637
CD16	uaz:UAZ-PF-37	FCGR3B	uniprot:O75015
CD32	uaz:UAZ-PF-38	FCGR2A	uniprot:P12318
CD32	uaz:UAZ-PF-38	FCGR2B	uniprot:P31994
CD32	uaz:UAZ-PF-38	FCGR2C	uniprot:P31995
CD64	uaz:UAZ-PF-39	FCGR1A	uniprot:P12314
CD64	uaz:UAZ-PF-39	FCGR1B	uniprot:Q92637
CDC25	uaz:UAZ-PF-40	CDC25A	uniprot:P30304
CDC25	uaz:UAZ-PF-40	CDC25B	uniprot:P30305
CDC25	uaz:UAZ-PF-40	CDC25C	uniprot:P30307
CDH	pfam:PF02611	CDH1	uniprot:P12830
CDH	pfam:PF02611	CDH10	uniprot:Q9Y6N8
CDH	pfam:PF02611	CDH11	uniprot:P55287
CDH	pfam:PF02611	CDH12	uniprot:P55289
CDH	pfam:PF02611	CDH13	uniprot:P55290
CDH	pfam:PF02611	CDH15	uniprot:P55291
CDH	pfam:PF02611	CDH16	uniprot:O75309
CDH	pfam:PF02611	CDH17	uniprot:Q12864
CDH	pfam:PF02611	CDH18	uniprot:Q13634
CDH	pfam:PF02611	CDH19	uniprot:Q9H159
CDH	pfam:PF02611	CDH2	uniprot:P19022
CDH	pfam:PF02611	CDH20	uniprot:Q9HBT6
CDH	pfam:PF02611	CDH22	uniprot:Q9UJ99
CDH	pfam:PF02611	CDH24	uniprot:Q86UP0
CDH	pfam:PF02611	CDH3	uniprot:P22223
CDH	pfam:PF02611	CDH4	uniprot:P55283
CDH	pfam:PF02611	CDH5	uniprot:P33151
CDH	pfam:PF02611	CDH6	uniprot:P55285
CDH	pfam:PF02611	CDH7	uniprot:Q9ULB5
CDH	pfam:PF02611	CDH8	uniprot:P55286
CDH	pfam:PF02611	CDH9	uniprot:Q9ULB4
CEBP	uaz:UAZ-PF-42	CEBPA	uniprot:P49715
CEBP	uaz:UAZ-PF-42	CEBPB	uniprot:P17676
CEBP	uaz:UAZ-PF-42	CEBPD	uniprot:P49716
CEBP	uaz:UAZ-PF-42	CEBPG	uniprot:P53567
CEBP	uaz:UAZ-PF-42	CEBPE	uniprot:Q15744
Chemokine Receptor	uaz:UAZ-PF-43	CCBP2	uniprot:Q15744
Chemokine Receptor	uaz:UAZ-PF-43	CCR1	uniprot:P32246
Chemokine Receptor	uaz:UAZ-PF-43	CCR10	uniprot:P46092
Chemokine Receptor	uaz:UAZ-PF-43	CCR2	uniprot:P41597
Chemokine Receptor	uaz:UAZ-PF-43	CCR3	uniprot:P51677
Chemokine Receptor	uaz:UAZ-PF-43	CCR4	uniprot:P51679
Chemokine Receptor	uaz:UAZ-PF-43	CCR5	uniprot:P51681
Chemokine Receptor	uaz:UAZ-PF-43	CCR6	uniprot:P51684
Chemokine Receptor	uaz:UAZ-PF-43	CCR7	uniprot:P32248
Chemokine Receptor	uaz:UAZ-PF-43	CCR8	uniprot:P51685
Chemokine Receptor	uaz:UAZ-PF-43	CCR9	uniprot:P51686
Chemokine Receptor	uaz:UAZ-PF-43	CCRL1	uniprot:P51686
Chemokine Receptor	uaz:UAZ-PF-43	CCRL2	uniprot:O00421
Chemokine Receptor	uaz:UAZ-PF-43	CX3CR1	uniprot:P49238
Chemokine Receptor	uaz:UAZ-PF-43	CXCR1	uniprot:P25024
Chemokine Receptor	uaz:UAZ-PF-43	CXCR2	uniprot:P25025
Chemokine Receptor	uaz:UAZ-PF-43	CXCR3	uniprot:P49682
Chemokine Receptor	uaz:UAZ-PF-43	CXCR4	uniprot:P61073
Chemokine Receptor	uaz:UAZ-PF-43	CXCR5	uniprot:P32302
Chemokine Receptor	uaz:UAZ-PF-43	CXCR6	uniprot:O00574
Chemokine Receptor	uaz:UAZ-PF-43	CXCR7	uniprot:O00574
Chemokine Receptor	uaz:UAZ-PF-43	XCR1	uniprot:P46094
Cholinesterase	uaz:UAZ-PF-44	ACHE	uniprot:P22303
Cholinesterase	uaz:UAZ-PF-44	BCHE	uniprot:P06276
CHRM	uaz:UAZ-PF-45	CHRM1	uniprot:P11229
CHRM	uaz:UAZ-PF-45	CHRM2	uniprot:P08172
CHRM	uaz:UAZ-PF-45	CHRM3	uniprot:P20309
CHRM	uaz:UAZ-PF-45	CHRM4	uniprot:P08173
CHRM	uaz:UAZ-PF-45	CHRM5	uniprot:P08912
COL1	uaz:UAZ-PF-46	COL1A1	uniprot:P02452
COL1	uaz:UAZ-PF-46	COL1A2	uniprot:P08123
COL4	uaz:UAZ-PF-47	COL4A1	uniprot:P02462
COL4	uaz:UAZ-PF-47	COL4A2	uniprot:P08572
COL4	uaz:UAZ-PF-47	COL4A3	uniprot:Q01955
COL4	uaz:UAZ-PF-47	COL4A4	uniprot:P53420
COL4	uaz:UAZ-PF-47	COL4A5	uniprot:P29400
COL4	uaz:UAZ-PF-47	COL4A6	uniprot:Q14031
COL5	uaz:UAZ-PF-48	COL5A1	uniprot:P20908
COL5	uaz:UAZ-PF-48	COL5A2	uniprot:P05997
COL5	uaz:UAZ-PF-48	COL5A3	uniprot:P25940
COX4	pfam:PF02936	COX4I1	uniprot:P13073
COX4	pfam:PF02936	COX4I2	uniprot:Q96KJ9
COX6A	pfam:PF02046	COX6A1	uniprot:P12074
COX6A	pfam:PF02046	COX6A2	uniprot:Q02221
COX6B	pfam:PF02297	COX6B1	uniprot:P14854
COX6B	pfam:PF02297	COX6B2	uniprot:Q6YFQ2
COX7A	pfam:PF02238	COX7A1	uniprot:P24310
COX7A	pfam:PF02238	COX7A2	uniprot:P14406
COX7B	pfam:PF05392	COX7B	uniprot:P24311
COX7B	pfam:PF05392	COX7B2	uniprot:Q8TF08
COX8	pfam:PF02285	COX8A	uniprot:P10176
COX8	pfam:PF02285	COX8C	uniprot:Q7Z4L0
CREB	uaz:UAZ-PF-55	CREB1	uniprot:P16220
CREB	uaz:UAZ-PF-55	CREM	uniprot:Q03060
CREB	uaz:UAZ-PF-55	ATF1	uniprot:P18846
CRISP	pfam:PF08562	CRISP1	uniprot:P54107
CRISP	pfam:PF08562	CRISP2	uniprot:P16562
CRISP	pfam:PF08562	CRISP3	uniprot:P54108
CSNK1	uaz:UAZ-PF-57	CSNK1A1	uniprot:P48729
CSNK1	uaz:UAZ-PF-57	CSNK1A1L	uniprot:Q8N752
CSNK1	uaz:UAZ-PF-57	CSNK1D	uniprot:P48730
CSNK1	uaz:UAZ-PF-57	CSNK1E	uniprot:P49674
CSNK1	uaz:UAZ-PF-57	CSNK1G1	uniprot:Q9HCP0
CSNK1	uaz:UAZ-PF-57	CSNK1G2	uniprot:P78368
CSNK1	uaz:UAZ-PF-57	CSNK1G3	uniprot:Q9Y6M4
CSNK2	uaz:UAZ-PF-58	CSNK2A1	uniprot:P68400
CSNK2	uaz:UAZ-PF-58	CSNK2A2	uniprot:P19784
CTNNA	uaz:UAZ-PF-59	CTNNA1	uniprot:P35221
CTNNA	uaz:UAZ-PF-59	CTNNA2	uniprot:P26232
CTNNA	uaz:UAZ-PF-59	CTNNA3	uniprot:Q9UI47
CUL	uaz:UAZ-PF-60	CUL1	uniprot:Q13616
CUL	uaz:UAZ-PF-60	CUL2	uniprot:Q13617
CUL	uaz:UAZ-PF-60	CUL3	uniprot:Q13618
CUL	uaz:UAZ-PF-60	CUL4A	uniprot:Q13619
CUL	uaz:UAZ-PF-60	CUL4B	uniprot:Q13620
CUL	uaz:UAZ-PF-60	CUL5	uniprot:Q93034
CUL	uaz:UAZ-PF-60	CUL7	uniprot:Q14999
CXCL ELR-Negative	uaz:UAZ-PF-61	CXCL10	uniprot:P02778
CXCL ELR-Negative	uaz:UAZ-PF-61	CXCL11	uniprot:O14625
CXCL ELR-Negative	uaz:UAZ-PF-61	CXCL12	uniprot:P48061
CXCL ELR-Negative	uaz:UAZ-PF-61	CXCL13	uniprot:O43927
CXCL ELR-Negative	uaz:UAZ-PF-61	CXCL14	uniprot:O95715
CXCL ELR-Negative	uaz:UAZ-PF-61	CXCL9	uniprot:Q07325
CXCL ELR-Negative	uaz:UAZ-PF-61	PF4	uniprot:P02776
CXCL ELR-Positive	uaz:UAZ-PF-62	CXCL1	uniprot:P09341
CXCL ELR-Positive	uaz:UAZ-PF-62	CXCL2	uniprot:P19875
CXCL ELR-Positive	uaz:UAZ-PF-62	CXCL3	uniprot:P19876
CXCL ELR-Positive	uaz:UAZ-PF-62	CXCL5	uniprot:P42830
CXCL ELR-Positive	uaz:UAZ-PF-62	CXCL6	uniprot:P80162
CXCL ELR-Positive	uaz:UAZ-PF-62	IL8	uniprot:P80162
CXCL ELR-Positive	uaz:UAZ-PF-62	PPBP	uniprot:P02775
Cyclophilin	uaz:UAZ-PF-63	CWC27	uniprot:Q6UX04
Cyclophilin	uaz:UAZ-PF-63	PPIA	uniprot:P62937
Cyclophilin	uaz:UAZ-PF-63	PPIB	uniprot:P23284
Cyclophilin	uaz:UAZ-PF-63	PPIC	uniprot:P45877
Cyclophilin	uaz:UAZ-PF-63	PPID	uniprot:Q08752
Cyclophilin	uaz:UAZ-PF-63	PPIE	uniprot:Q9UNP9
Cyclophilin	uaz:UAZ-PF-63	PPIF	uniprot:P30405
Cyclophilin	uaz:UAZ-PF-63	PPIH	uniprot:O43447
Cyclophilin	uaz:UAZ-PF-63	PPIL1	uniprot:Q9Y3C6
Cyclophilin	uaz:UAZ-PF-63	PPIL2	uniprot:Q13356
Cyclophilin	uaz:UAZ-PF-63	PPIL3	uniprot:Q9H2H8
Cyclophilin	uaz:UAZ-PF-63	PPIL4	uniprot:Q8WUA2
Cyclophilin	uaz:UAZ-PF-63	PPIL6	uniprot:Q8IXY8
Cyclophilin	uaz:UAZ-PF-63	PPWD1	uniprot:Q96BP3
Cyclophilin	uaz:UAZ-PF-63	PPIAL4A	uniprot:Q9Y536
Cyclophilin	uaz:UAZ-PF-63	PPIAL4B	uniprot:Q9Y536
Cyclophilin	uaz:UAZ-PF-63	PPIAL4C	uniprot:A0A0B4J2A2
Cyclophilin	uaz:UAZ-PF-63	PPIAL4G	uniprot:P0DN37
DDR	pfam:PF08841	DDR1	uniprot:Q08345
DDR	pfam:PF08841	DDR2	uniprot:Q16832
Desmoglein	uaz:UAZ-PF-65	DSG1	uniprot:Q02413
Desmoglein	uaz:UAZ-PF-65	DSG2	uniprot:Q14126
Desmoglein	uaz:UAZ-PF-65	DSG3	uniprot:P32926
Desmoglein	uaz:UAZ-PF-65	DSG4	uniprot:Q86SJ6
DGK	uaz:UAZ-PF-66	DGKA	uniprot:P23743
DGK	uaz:UAZ-PF-66	DGKB	uniprot:Q9Y6T7
DGK	uaz:UAZ-PF-66	DGKD	uniprot:Q16760
DGK	uaz:UAZ-PF-66	DGKG	uniprot:P49619
DGK	uaz:UAZ-PF-66	DGKH	uniprot:Q86XP1
DGK	uaz:UAZ-PF-66	DGKQ	uniprot:P52824
DGK	uaz:UAZ-PF-66	DGKZ	uniprot:Q13574
DGK	uaz:UAZ-PF-66	DGKE	uniprot:P52429
DGK	uaz:UAZ-PF-66	DGKI	uniprot:O75912
DGK	uaz:UAZ-PF-66	DGKK	uniprot:Q5KSL6
DNM	uaz:UAZ-PF-67	DNM1	uniprot:Q05193
DNM	uaz:UAZ-PF-67	DNM2	uniprot:P50570
DNM	uaz:UAZ-PF-67	DNM3	uniprot:Q9UQ16
DRD	uaz:UAZ-PF-68	DRD1	uniprot:P21728
DRD	uaz:UAZ-PF-68	DRD2	uniprot:P14416
DRD	uaz:UAZ-PF-68	DRD3	uniprot:P35462
DRD	uaz:UAZ-PF-68	DRD4	uniprot:P21917
DRD	uaz:UAZ-PF-68	DRD5	uniprot:P21918
DVL	pfam:PF08137	DVL1	uniprot:O14640
DVL	pfam:PF08137	DVL2	uniprot:O14641
DVL	pfam:PF08137	DVL3	uniprot:Q92997
DVL	pfam:PF08137	DVL1L1	uniprot:Q92997
E2F	uaz:UAZ-PF-70	E2F1	uniprot:Q01094
E2F	uaz:UAZ-PF-70	E2F2	uniprot:Q14209
E2F	uaz:UAZ-PF-70	E2F3	uniprot:O00716
E2F	uaz:UAZ-PF-70	E2F4	uniprot:Q16254
E2F	uaz:UAZ-PF-70	E2F5	uniprot:Q15329
E2F	uaz:UAZ-PF-70	E2F6	uniprot:O75461
E2F	uaz:UAZ-PF-70	E2F7	uniprot:Q96AV8
E2F	uaz:UAZ-PF-70	E2F8	uniprot:A0AVK6
EDN	uaz:UAZ-PF-71	EDN1	uniprot:P05305
EDN	uaz:UAZ-PF-71	EDN2	uniprot:P20800
EDN	uaz:UAZ-PF-71	EDN3	uniprot:P14138
EGFR Ligand	uaz:UAZ-PF-72	AREG	uniprot:P15514
EGFR Ligand	uaz:UAZ-PF-72	EGF	uniprot:P01133
EGFR Ligand	uaz:UAZ-PF-72	TGFA	uniprot:P01135
EGFR Ligand	uaz:UAZ-PF-72	HBEGF	uniprot:Q99075
EGFR Ligand	uaz:UAZ-PF-72	BTC	uniprot:P35070
EGFR Ligand	uaz:UAZ-PF-72	EREG	uniprot:O14944
EGFR Ligand	uaz:UAZ-PF-72	EPGN	uniprot:Q6UW88
EGFR/ERBB	uaz:UAZ-PF-73	EGFR	uniprot:P00533
EGFR/ERBB	uaz:UAZ-PF-73	ERBB2	uniprot:P04626
EGFR/ERBB	uaz:UAZ-PF-73	ERBB3	uniprot:P21860
EGFR/ERBB	uaz:UAZ-PF-73	ERBB4	uniprot:Q15303
EGR	uaz:UAZ-PF-74	EGR1	uniprot:P18146
EGR	uaz:UAZ-PF-74	EGR2	uniprot:P11161
EGR	uaz:UAZ-PF-74	EGR3	uniprot:Q06889
EGR	uaz:UAZ-PF-74	EGR4	uniprot:Q05215
EIF4A	uaz:UAZ-PF-75	EIF4A1	uniprot:P60842
EIF4A	uaz:UAZ-PF-75	EIF4A2	uniprot:Q14240
EIF4A	uaz:UAZ-PF-75	EIF4A3	uniprot:P38919
EIF4EBP	uaz:UAZ-PF-76	EIF4EBP1	uniprot:Q13541
EIF4EBP	uaz:UAZ-PF-76	EIF4EBP2	uniprot:Q13542
EIF4EBP	uaz:UAZ-PF-76	EIF4EBP3	uniprot:O60516
ELA	uaz:UAZ-PF-77	AZU1	uniprot:P20160
ELA	uaz:UAZ-PF-77	CELA1	uniprot:Q9UNI1
ELA	uaz:UAZ-PF-77	CELA2A	uniprot:P08217
ELA	uaz:UAZ-PF-77	CELA2B	uniprot:P08218
ELA	uaz:UAZ-PF-77	CELA3A	uniprot:P09093
ELA	uaz:UAZ-PF-77	CELA3B	uniprot:P08861
ELA	uaz:UAZ-PF-77	CTRC	uniprot:Q99895
ELA	uaz:UAZ-PF-77	ELANE	uniprot:P08246
ELA	uaz:UAZ-PF-77	PRTN3	uniprot:P24158
ENO	uaz:UAZ-PF-78	ENO1	uniprot:P06733
ENO	uaz:UAZ-PF-78	ENO2	uniprot:P09104
ENO	uaz:UAZ-PF-78	ENO3	uniprot:P13929
ENO	uaz:UAZ-PF-78	ENO4	uniprot:A6NNW6
Ephrin Receptor	uaz:UAZ-PF-79	EPHA1	uniprot:P21709
Ephrin Receptor	uaz:UAZ-PF-79	EPHA2	uniprot:P29317
Ephrin Receptor	uaz:UAZ-PF-79	EPHA3	uniprot:P29320
Ephrin Receptor	uaz:UAZ-PF-79	EPHA4	uniprot:P54764
Ephrin Receptor	uaz:UAZ-PF-79	EPHA5	uniprot:P54756
Ephrin Receptor	uaz:UAZ-PF-79	EPHA6	uniprot:Q9UF33
Ephrin Receptor	uaz:UAZ-PF-79	EPHA7	uniprot:Q15375
Ephrin Receptor	uaz:UAZ-PF-79	EPHA8	uniprot:P29322
Ephrin Receptor	uaz:UAZ-PF-79	EPHB1	uniprot:P54762
Ephrin Receptor	uaz:UAZ-PF-79	EPHB2	uniprot:P29323
Ephrin Receptor	uaz:UAZ-PF-79	EPHB3	uniprot:P54753
Ephrin Receptor	uaz:UAZ-PF-79	EPHB4	uniprot:P54760
Ephrin Receptor	uaz:UAZ-PF-79	EPHB6	uniprot:O15197
Ephrin Receptor	uaz:UAZ-PF-79	EPHA10	uniprot:Q5JZY3
EPN	uaz:UAZ-PF-80	EPN1	uniprot:Q9Y6I3
EPN	uaz:UAZ-PF-80	EPN2	uniprot:O95208
EPN	uaz:UAZ-PF-80	EPN3	uniprot:Q9H201
EPN	uaz:UAZ-PF-80	CLINT1	uniprot:Q14677
ESR	uaz:UAZ-PF-81	ESR1	uniprot:P03372
ESR	uaz:UAZ-PF-81	ESR2	uniprot:Q92731
ETS	pfam:PF00178	ETS1	uniprot:P14921
ETS	pfam:PF00178	ETS2	uniprot:P15036
FGF	pfam:PF00167	FGF1	uniprot:P05230
FGF	pfam:PF00167	FGF10	uniprot:O15520
FGF	pfam:PF00167	FGF11	uniprot:Q92914
FGF	pfam:PF00167	FGF12	uniprot:P61328
FGF	pfam:PF00167	FGF13	uniprot:Q92913
FGF	pfam:PF00167	FGF14	uniprot:Q92915
FGF	pfam:PF00167	FGF16	uniprot:O43320
FGF	pfam:PF00167	FGF17	uniprot:O60258
FGF	pfam:PF00167	FGF18	uniprot:O76093
FGF	pfam:PF00167	FGF19	uniprot:O95750
FGF	pfam:PF00167	FGF2	uniprot:P09038
FGF	pfam:PF00167	FGF20	uniprot:Q9NP95
FGF	pfam:PF00167	FGF21	uniprot:Q9NSA1
FGF	pfam:PF00167	FGF22	uniprot:Q9HCT0
FGF	pfam:PF00167	FGF23	uniprot:Q9GZV9
FGF	pfam:PF00167	FGF3	uniprot:P11487
FGF	pfam:PF00167	FGF4	uniprot:P08620
FGF	pfam:PF00167	FGF5	uniprot:P12034
FGF	pfam:PF00167	FGF6	uniprot:P10767
FGF	pfam:PF00167	FGF7	uniprot:P21781
FGF	pfam:PF00167	FGF8	uniprot:P55075
FGF	pfam:PF00167	FGF9	uniprot:P31371
FGFR	uaz:UAZ-PF-84	FGFR1	uniprot:P11362
FGFR	uaz:UAZ-PF-84	FGFR2	uniprot:P21802
FGFR	uaz:UAZ-PF-84	FGFR3	uniprot:P22607
FGFR	uaz:UAZ-PF-84	FGFR4	uniprot:P22455
FLOT	pfam:PF15975	FLOT1	uniprot:O75955
FLOT	pfam:PF15975	FLOT2	uniprot:Q14254
FLRT	uaz:UAZ-PF-86	FLRT1	uniprot:Q9NZU1
FLRT	uaz:UAZ-PF-86	FLRT2	uniprot:O43155
FLRT	uaz:UAZ-PF-86	FLRT3	uniprot:Q9NZU0
FOXO	uaz:UAZ-PF-87	FOXO1	uniprot:Q12778
FOXO	uaz:UAZ-PF-87	FOXO3	uniprot:O43524
FOXO	uaz:UAZ-PF-87	FOXO4	uniprot:P98177
FOXO	uaz:UAZ-PF-87	FOXO6	uniprot:A8MYZ6
FZD	uaz:UAZ-PF-88	FZD1	uniprot:Q9UP38
FZD	uaz:UAZ-PF-88	FZD10	uniprot:Q9ULW2
FZD	uaz:UAZ-PF-88	FZD2	uniprot:Q14332
FZD	uaz:UAZ-PF-88	FZD3	uniprot:Q9NPG1
FZD	uaz:UAZ-PF-88	FZD4	uniprot:Q9ULV1
FZD	uaz:UAZ-PF-88	FZD5	uniprot:Q13467
FZD	uaz:UAZ-PF-88	FZD6	uniprot:O60353
FZD	uaz:UAZ-PF-88	FZD7	uniprot:O75084
FZD	uaz:UAZ-PF-88	FZD8	uniprot:Q9H461
FZD	uaz:UAZ-PF-88	FZD9	uniprot:O00144
GABR	uaz:UAZ-PF-89	GABRA1	uniprot:P14867
GABR	uaz:UAZ-PF-89	GABRA2	uniprot:P47869
GABR	uaz:UAZ-PF-89	GABRA3	uniprot:P34903
GABR	uaz:UAZ-PF-89	GABRA4	uniprot:P48169
GABR	uaz:UAZ-PF-89	GABRA5	uniprot:P31644
GABR	uaz:UAZ-PF-89	GABRA6	uniprot:Q16445
GABR	uaz:UAZ-PF-89	GABRB1	uniprot:P18505
GABR	uaz:UAZ-PF-89	GABRB2	uniprot:P47870
GABR	uaz:UAZ-PF-89	GABRB3	uniprot:P28472
GABR	uaz:UAZ-PF-89	GABRD	uniprot:O14764
GABR	uaz:UAZ-PF-89	GABRE	uniprot:P78334
GABR	uaz:UAZ-PF-89	GABRG1	uniprot:Q8N1C3
GABR	uaz:UAZ-PF-89	GABRG2	uniprot:P18507
GABR	uaz:UAZ-PF-89	GABRG3	uniprot:Q99928
GABR	uaz:UAZ-PF-89	GABRP	uniprot:O00591
GABR	uaz:UAZ-PF-89	GABRQ	uniprot:Q9UN88
GABR	uaz:UAZ-PF-89	GABRR1	uniprot:P24046
GABR	uaz:UAZ-PF-89	GABRR2	uniprot:P28476
GABR	uaz:UAZ-PF-89	GABRR3	uniprot:A8MPY1
GAS6 Receptor	uaz:UAZ-PF-90	AXL	uniprot:P30530
GAS6 Receptor	uaz:UAZ-PF-90	MERTK	uniprot:Q12866
GAS6 Receptor	uaz:UAZ-PF-90	TYRO3	uniprot:Q06418
GATA	pfam:PF00320	GATA1	uniprot:P15976
GATA	pfam:PF00320	GATA2	uniprot:P23769
GATA	pfam:PF00320	GATA3	uniprot:P23771
GATA	pfam:PF00320	GATA4	uniprot:P43694
GATA	pfam:PF00320	GATA5	uniprot:Q9BWX5
GATA	pfam:PF00320	GATA6	uniprot:Q92908
GNA Gq	uaz:UAZ-PF-92	GNA11	uniprot:P29992
GNA Gq	uaz:UAZ-PF-92	GNA14	uniprot:O95837
GNA Gq	uaz:UAZ-PF-92	GNA15	uniprot:P30679
GNA Gq	uaz:UAZ-PF-92	GNAQ	uniprot:P50148
GNA Gs	uaz:UAZ-PF-93	GNAL	uniprot:P38405
GNA Gs	uaz:UAZ-PF-93	GNAS	uniprot:O95467
GNAI	uaz:UAZ-PF-94	GNAI1	uniprot:P63096
GNAI	uaz:UAZ-PF-94	GNAI2	uniprot:P04899
GNAI	uaz:UAZ-PF-94	GNAI3	uniprot:P08754
GNB	uaz:UAZ-PF-95	GNB1	uniprot:P62873
GNB	uaz:UAZ-PF-95	GNB2	uniprot:P62879
GNB	uaz:UAZ-PF-95	GNB3	uniprot:P16520
GNB	uaz:UAZ-PF-95	GNB4	uniprot:Q9HAV0
GNB	uaz:UAZ-PF-95	GNB5	uniprot:O14775
GNG	uaz:UAZ-PF-96	GNG10	uniprot:P50151
GNG	uaz:UAZ-PF-96	GNG11	uniprot:P61952
GNG	uaz:UAZ-PF-96	GNG12	uniprot:Q9UBI6
GNG	uaz:UAZ-PF-96	GNG13	uniprot:Q9P2W3
GNG	uaz:UAZ-PF-96	GNG2	uniprot:P59768
GNG	uaz:UAZ-PF-96	GNG3	uniprot:P63215
GNG	uaz:UAZ-PF-96	GNG4	uniprot:P50150
GNG	uaz:UAZ-PF-96	GNG5	uniprot:P63218
GNG	uaz:UAZ-PF-96	GNG7	uniprot:O60262
GNG	uaz:UAZ-PF-96	GNG8	uniprot:Q9UK08
GNG	uaz:UAZ-PF-96	GNGT1	uniprot:P63211
GNG	uaz:UAZ-PF-96	GNGT2	uniprot:O14610
GPX	uaz:UAZ-PF-97	GPX1	uniprot:P07203
GPX	uaz:UAZ-PF-97	GPX2	uniprot:P18283
GPX	uaz:UAZ-PF-97	GPX3	uniprot:P22352
GPX	uaz:UAZ-PF-97	GPX4	uniprot:P36969
GPX	uaz:UAZ-PF-97	GPX5	uniprot:O75715
GPX	uaz:UAZ-PF-97	GPX6	uniprot:P59796
GPX	uaz:UAZ-PF-97	GPX7	uniprot:Q96SL4
GPX	uaz:UAZ-PF-97	GPX8	uniprot:Q8TED1
GRIA	uaz:UAZ-PF-98	GRIA1	uniprot:P42261
GRIA	uaz:UAZ-PF-98	GRIA2	uniprot:P42262
GRIA	uaz:UAZ-PF-98	GRIA3	uniprot:P42263
GRIA	uaz:UAZ-PF-98	GRIA4	uniprot:P48058
GRK	uaz:UAZ-PF-99	ADRBK1	uniprot:P25098
GRK	uaz:UAZ-PF-99	ADRBK2	uniprot:P35626
GRK	uaz:UAZ-PF-99	GRK1	uniprot:Q15835
GRK	uaz:UAZ-PF-99	GRK4	uniprot:P32298
GRK	uaz:UAZ-PF-99	GRK5	uniprot:P34947
GRK	uaz:UAZ-PF-99	GRK6	uniprot:P43250
GRK	uaz:UAZ-PF-99	GRK7	uniprot:Q8WTQ7
GRM	uaz:UAZ-PF-100	GRM1	uniprot:Q13255
GRM	uaz:UAZ-PF-100	GRM2	uniprot:Q14416
GRM	uaz:UAZ-PF-100	GRM3	uniprot:Q14832
GRM	uaz:UAZ-PF-100	GRM4	uniprot:Q14833
GRM	uaz:UAZ-PF-100	GRM5	uniprot:P41594
GRM	uaz:UAZ-PF-100	GRM6	uniprot:O15303
GRM	uaz:UAZ-PF-100	GRM7	uniprot:Q14831
GRM	uaz:UAZ-PF-100	GRM8	uniprot:O00222
GSK3	uaz:UAZ-PF-101	GSK3A	uniprot:P49840
GSK3	uaz:UAZ-PF-101	GSK3B	uniprot:P49841
GST	uaz:UAZ-PF-102	GSTA1	uniprot:P08263
GST	uaz:UAZ-PF-102	GSTA2	uniprot:P09210
GST	uaz:UAZ-PF-102	GSTA3	uniprot:Q16772
GST	uaz:UAZ-PF-102	GSTA4	uniprot:O15217
GST	uaz:UAZ-PF-102	GSTA5	uniprot:Q7RTV2
GST	uaz:UAZ-PF-102	GSTK1	uniprot:Q9Y2Q3
GST	uaz:UAZ-PF-102	GSTM1	uniprot:P09488
GST	uaz:UAZ-PF-102	GSTM2	uniprot:P28161
GST	uaz:UAZ-PF-102	GSTM3	uniprot:P21266
GST	uaz:UAZ-PF-102	GSTM4	uniprot:Q03013
GST	uaz:UAZ-PF-102	GSTM5	uniprot:P46439
GST	uaz:UAZ-PF-102	GSTO1	uniprot:P78417
GST	uaz:UAZ-PF-102	GSTO2	uniprot:Q9H4Y5
GST	uaz:UAZ-PF-102	GSTP1	uniprot:P09211
GST	uaz:UAZ-PF-102	GSTT1	uniprot:P30711
GST	uaz:UAZ-PF-102	GSTT2	uniprot:P0CG29
GST	uaz:UAZ-PF-102	GSTZ1	uniprot:O43708
GST	uaz:UAZ-PF-102	GSTT2B	uniprot:P0CG30
GUCY	uaz:UAZ-PF-103	GUCY2C	uniprot:P25092
GUCY	uaz:UAZ-PF-103	GUCY2D	uniprot:Q02846
GUCY	uaz:UAZ-PF-103	GUCY2E	uniprot:Q02846
GUCY	uaz:UAZ-PF-103	GUCY2F	uniprot:P51841
GUCY	uaz:UAZ-PF-103	NPR1	uniprot:P16066
GUCY	uaz:UAZ-PF-103	NPR2	uniprot:P20594
GYS	uaz:UAZ-PF-104	GYS1	uniprot:P13807
GYS	uaz:UAZ-PF-104	GYS2	uniprot:P54840
HDAC Class I	uaz:UAZ-PF-105	HDAC1	uniprot:Q13547
HDAC Class I	uaz:UAZ-PF-105	HDAC2	uniprot:Q92769
HDAC Class I	uaz:UAZ-PF-105	HDAC3	uniprot:O15379
HDAC Class I	uaz:UAZ-PF-105	HDAC8	uniprot:Q9BY41
HDAC Class II	uaz:UAZ-PF-106	HDAC10	uniprot:Q969S8
HDAC Class II	uaz:UAZ-PF-106	HDAC4	uniprot:P56524
HDAC Class II	uaz:UAZ-PF-106	HDAC5	uniprot:Q9UQL6
HDAC Class II	uaz:UAZ-PF-106	HDAC6	uniprot:Q9UBN7
HDAC Class II	uaz:UAZ-PF-106	HDAC7	uniprot:Q8WUI4
HDAC Class II	uaz:UAZ-PF-106	HDAC9	uniprot:Q9UKV0
HDAC	uaz:UAZ-PF-107	HDAC1	uniprot:Q13547
HDAC	uaz:UAZ-PF-107	HDAC2	uniprot:Q92769
HDAC	uaz:UAZ-PF-107	HDAC3	uniprot:O15379
HDAC	uaz:UAZ-PF-107	HDAC8	uniprot:Q9BY41
HDAC	uaz:UAZ-PF-107	HDAC10	uniprot:Q969S8
HDAC	uaz:UAZ-PF-107	HDAC4	uniprot:P56524
HDAC	uaz:UAZ-PF-107	HDAC5	uniprot:Q9UQL6
HDAC	uaz:UAZ-PF-107	HDAC6	uniprot:Q9UBN7
HDAC	uaz:UAZ-PF-107	HDAC7	uniprot:Q8WUI4
HDAC	uaz:UAZ-PF-107	HDAC9	uniprot:Q9UKV0
HDAC	uaz:UAZ-PF-107	HDAC11	uniprot:Q96DB2
Hedgehog	uaz:UAZ-PF-108	DHH	uniprot:O43323
Hedgehog	uaz:UAZ-PF-108	IHH	uniprot:Q14623
Hedgehog	uaz:UAZ-PF-108	SHH	uniprot:Q15465
HES	uaz:UAZ-PF-109	HES1	uniprot:Q14469
HES	uaz:UAZ-PF-109	HES2	uniprot:Q9Y543
HES	uaz:UAZ-PF-109	HES3	uniprot:Q5TGS1
HES	uaz:UAZ-PF-109	HES4	uniprot:Q9HCC6
HES	uaz:UAZ-PF-109	HES5	uniprot:Q5TA89
HES	uaz:UAZ-PF-109	HES6	uniprot:Q96HZ4
HES	uaz:UAZ-PF-109	HES7	uniprot:Q9BYE0
Histone H1	uaz:UAZ-PF-110	H1F0	uniprot:P07305
Histone H1	uaz:UAZ-PF-110	H1FOO	uniprot:Q8IZA3
Histone H1	uaz:UAZ-PF-110	H1FX	uniprot:Q92522
Histone H1	uaz:UAZ-PF-110	HIST1H1A	uniprot:Q02539
Histone H1	uaz:UAZ-PF-110	HIST1H1B	uniprot:P16401
Histone H1	uaz:UAZ-PF-110	HIST1H1C	uniprot:P16403
Histone H1	uaz:UAZ-PF-110	HIST1H1D	uniprot:P16402
Histone H1	uaz:UAZ-PF-110	HIST1H1E	uniprot:P10412
Histone H1	uaz:UAZ-PF-110	HIST1H1T	uniprot:P22492
Histone H1	uaz:UAZ-PF-110	H1FNT	uniprot:Q75WM6
Histone H2A	uaz:UAZ-PF-111	H2AFB1	uniprot:P0C5Y9
Histone H2A	uaz:UAZ-PF-111	H2AFB2	uniprot:P0C5Z0
Histone H2A	uaz:UAZ-PF-111	H2AFB3	uniprot:P0C5Z0
Histone H2A	uaz:UAZ-PF-111	H2AFJ	uniprot:Q9BTM1
Histone H2A	uaz:UAZ-PF-111	H2AFV	uniprot:Q71UI9
Histone H2A	uaz:UAZ-PF-111	H2AFX	uniprot:P16104
Histone H2A	uaz:UAZ-PF-111	H2AFY	uniprot:O75367
Histone H2A	uaz:UAZ-PF-111	H2AFY2	uniprot:Q9P0M6
Histone H2A	uaz:UAZ-PF-111	H2AFZ	uniprot:P0C0S5
Histone H2A	uaz:UAZ-PF-111	HIST1H2AA	uniprot:Q96QV6
Histone H2A	uaz:UAZ-PF-111	HIST1H2AB	uniprot:P04908
Histone H2A	uaz:UAZ-PF-111	HIST1H2AC	uniprot:Q93077
Histone H2A	uaz:UAZ-PF-111	HIST1H2AD	uniprot:P20671
Histone H2A	uaz:UAZ-PF-111	HIST1H2AE	uniprot:P04908
Histone H2A	uaz:UAZ-PF-111	HIST1H2AG	uniprot:P0C0S8
Histone H2A	uaz:UAZ-PF-111	HIST1H2AH	uniprot:Q96KK5
Histone H2A	uaz:UAZ-PF-111	HIST1H2AI	uniprot:P0C0S8
Histone H2A	uaz:UAZ-PF-111	HIST1H2AJ	uniprot:Q99878
Histone H2A	uaz:UAZ-PF-111	HIST1H2AK	uniprot:P0C0S8
Histone H2A	uaz:UAZ-PF-111	HIST1H2AL	uniprot:P0C0S8
Histone H2A	uaz:UAZ-PF-111	HIST1H2AM	uniprot:P0C0S8
Histone H2A	uaz:UAZ-PF-111	HIST2H2AA3	uniprot:Q6FI13
Histone H2A	uaz:UAZ-PF-111	HIST2H2AB	uniprot:Q8IUE6
Histone H2A	uaz:UAZ-PF-111	HIST2H2AC	uniprot:Q16777
Histone H2A	uaz:UAZ-PF-111	HIST3H2A	uniprot:Q7L7L0
Histone H2B	uaz:UAZ-PF-112	H2BFS	uniprot:P57053
Histone H2B	uaz:UAZ-PF-112	HIST1H2BA	uniprot:Q96A08
Histone H2B	uaz:UAZ-PF-112	HIST1H2BB	uniprot:P33778
Histone H2B	uaz:UAZ-PF-112	HIST1H2BC	uniprot:P62807
Histone H2B	uaz:UAZ-PF-112	HIST1H2BD	uniprot:P58876
Histone H2B	uaz:UAZ-PF-112	HIST1H2BE	uniprot:P62807
Histone H2B	uaz:UAZ-PF-112	HIST1H2BF	uniprot:P62807
Histone H2B	uaz:UAZ-PF-112	HIST1H2BG	uniprot:P62807
Histone H2B	uaz:UAZ-PF-112	HIST1H2BH	uniprot:Q93079
Histone H2B	uaz:UAZ-PF-112	HIST1H2BI	uniprot:P62807
Histone H2B	uaz:UAZ-PF-112	HIST1H2BJ	uniprot:P06899
Histone H2B	uaz:UAZ-PF-112	HIST1H2BK	uniprot:O60814
Histone H2B	uaz:UAZ-PF-112	HIST1H2BL	uniprot:Q99880
Histone H2B	uaz:UAZ-PF-112	HIST1H2BM	uniprot:Q99879
Histone H2B	uaz:UAZ-PF-112	HIST1H2BN	uniprot:Q99877
Histone H2B	uaz:UAZ-PF-112	HIST1H2BO	uniprot:P23527
Histone H2B	uaz:UAZ-PF-112	HIST2H2BE	uniprot:Q16778
Histone H3	uaz:UAZ-PF-113	H3F3A	uniprot:P84243
Histone H3	uaz:UAZ-PF-113	H3F3B	uniprot:P84243
Histone H3	uaz:UAZ-PF-113	HIST1H3A	uniprot:P68431
Histone H3	uaz:UAZ-PF-113	HIST1H3B	uniprot:P68431
Histone H3	uaz:UAZ-PF-113	HIST1H3C	uniprot:P68431
Histone H3	uaz:UAZ-PF-113	HIST1H3D	uniprot:P68431
Histone H3	uaz:UAZ-PF-113	HIST1H3E	uniprot:P68431
Histone H3	uaz:UAZ-PF-113	HIST1H3F	uniprot:P68431
Histone H3	uaz:UAZ-PF-113	HIST1H3G	uniprot:P68431
Histone H3	uaz:UAZ-PF-113	HIST1H3H	uniprot:P68431
Histone H3	uaz:UAZ-PF-113	HIST1H3I	uniprot:P68431
Histone H3	uaz:UAZ-PF-113	HIST1H3J	uniprot:P68431
Histone H3	uaz:UAZ-PF-113	HIST2H3C	uniprot:Q71DI3
Histone H4	uaz:UAZ-PF-114	HIST1H4A	uniprot:P62805
Histone H4	uaz:UAZ-PF-114	HIST1H4B	uniprot:P62805
Histone H4	uaz:UAZ-PF-114	HIST1H4C	uniprot:P62805
Histone H4	uaz:UAZ-PF-114	HIST1H4D	uniprot:P62805
Histone H4	uaz:UAZ-PF-114	HIST1H4E	uniprot:P62805
Histone H4	uaz:UAZ-PF-114	HIST1H4F	uniprot:P62805
Histone H4	uaz:UAZ-PF-114	HIST1H4G	uniprot:Q99525
Histone H4	uaz:UAZ-PF-114	HIST1H4H	uniprot:P62805
Histone H4	uaz:UAZ-PF-114	HIST1H4I	uniprot:P62805
Histone H4	uaz:UAZ-PF-114	HIST1H4J	uniprot:P62805
Histone H4	uaz:UAZ-PF-114	HIST1H4K	uniprot:P62805
Histone H4	uaz:UAZ-PF-114	HIST1H4L	uniprot:P62805
Histone H4	uaz:UAZ-PF-114	HIST2H4A	uniprot:P62805
HLA-DR	uaz:UAZ-PF-115	HLA-DRA	uniprot:P01903
HLA-DR	uaz:UAZ-PF-115	HLA-DRB1	uniprot:P01911
HLA-DR	uaz:UAZ-PF-115	HLA-DRB3	uniprot:P79483
HLA-DR	uaz:UAZ-PF-115	HLA-DRB4	uniprot:P13762
HLA-DR	uaz:UAZ-PF-115	HLA-DRB5	uniprot:Q30154
HMOX	uaz:UAZ-PF-116	HMOX1	uniprot:P09601
HMOX	uaz:UAZ-PF-116	HMOX2	uniprot:P30519
HSP90	pfam:PF00183	HSP90AA1	uniprot:P07900
HSP90	pfam:PF00183	HSP90AA2	uniprot:P07900
HSP90	pfam:PF00183	HSP90AB1	uniprot:P08238
HSP90	pfam:PF00183	HSP90B1	uniprot:P14625
HSP90	pfam:PF00183	TRAP1	uniprot:Q12931
HSPA	uaz:UAZ-PF-118	HSPA12A	uniprot:O43301
HSPA	uaz:UAZ-PF-118	HSPA12B	uniprot:Q96MM6
HSPA	uaz:UAZ-PF-118	HSPA13	uniprot:P48723
HSPA	uaz:UAZ-PF-118	HSPA14	uniprot:Q0VDF9
HSPA	uaz:UAZ-PF-118	HSPA1A	uniprot:P0DMV8
HSPA	uaz:UAZ-PF-118	HSPA1B	uniprot:P0DMV9
HSPA	uaz:UAZ-PF-118	HSPA1L	uniprot:P34931
HSPA	uaz:UAZ-PF-118	HSPA2	uniprot:P54652
HSPA	uaz:UAZ-PF-118	HSPA4	uniprot:P34932
HSPA	uaz:UAZ-PF-118	HSPA4L	uniprot:O95757
HSPA	uaz:UAZ-PF-118	HSPA5	uniprot:P11021
HSPA	uaz:UAZ-PF-118	HSPA6	uniprot:P17066
HSPA	uaz:UAZ-PF-118	HSPA8	uniprot:P11142
HSPA	uaz:UAZ-PF-118	HSPA9	uniprot:P38646
HSPA	uaz:UAZ-PF-118	HSPH1	uniprot:Q92598
HSPA	uaz:UAZ-PF-118	HYOU1	uniprot:Q9Y4L1
HSPB	uaz:UAZ-PF-119	HSPB1	uniprot:P04792
HSPB	uaz:UAZ-PF-119	HSPB2	uniprot:Q16082
HSPB	uaz:UAZ-PF-119	HSPB8	uniprot:Q9UJY1
IFNA	uaz:UAZ-PF-120	IFNA1	uniprot:P01562
IFNA	uaz:UAZ-PF-120	IFNA10	uniprot:P01566
IFNA	uaz:UAZ-PF-120	IFNA13	uniprot:P01562
IFNA	uaz:UAZ-PF-120	IFNA14	uniprot:P01570
IFNA	uaz:UAZ-PF-120	IFNA16	uniprot:P05015
IFNA	uaz:UAZ-PF-120	IFNA17	uniprot:P01571
IFNA	uaz:UAZ-PF-120	IFNA2	uniprot:P01563
IFNA	uaz:UAZ-PF-120	IFNA21	uniprot:P01568
IFNA	uaz:UAZ-PF-120	IFNA4	uniprot:P05014
IFNA	uaz:UAZ-PF-120	IFNA5	uniprot:P01569
IFNA	uaz:UAZ-PF-120	IFNA6	uniprot:P05013
IFNA	uaz:UAZ-PF-120	IFNA7	uniprot:P01567
IFNA	uaz:UAZ-PF-120	IFNA8	uniprot:P32881
IGFBP	pfam:PF00219	IGFBP1	uniprot:P08833
IGFBP	pfam:PF00219	IGFBP2	uniprot:P18065
IGFBP	pfam:PF00219	IGFBP3	uniprot:P17936
IGFBP	pfam:PF00219	IGFBP4	uniprot:P22692
IGFBP	pfam:PF00219	IGFBP5	uniprot:P24593
IGFBP	pfam:PF00219	IGFBP6	uniprot:P24592
IGFBP	pfam:PF00219	IGFBP7	uniprot:Q16270
IkappaB Kinase	uaz:UAZ-PF-122	CHUK	uniprot:O15111
IkappaB Kinase	uaz:UAZ-PF-122	IKBKB	uniprot:O14920
IkappaB Kinase	uaz:UAZ-PF-122	IKBKE	uniprot:Q14164
IkappaB Kinase	uaz:UAZ-PF-122	TBK1	uniprot:Q9UHD2
IL1	pfam:PF00340	IL1A	uniprot:P01583
IL1	pfam:PF00340	IL1B	uniprot:P01584
INS	uaz:UAZ-PF-124	INS	uniprot:P01308
INSR	uaz:UAZ-PF-125	IGF1R	uniprot:P08069
INSR	uaz:UAZ-PF-125	INSR	uniprot:P06213
INSR	uaz:UAZ-PF-125	INSRR	uniprot:P14616
IRS	pfam:PF02174	IRS1	uniprot:P35568
IRS	pfam:PF02174	IRS2	uniprot:Q9Y4H2
IRS	pfam:PF02174	IRS4	uniprot:O14654
IRX	uaz:UAZ-PF-127	IRX1	uniprot:P78414
IRX	uaz:UAZ-PF-127	IRX2	uniprot:Q9BZI1
IRX	uaz:UAZ-PF-127	IRX3	uniprot:P78415
IRX	uaz:UAZ-PF-127	IRX4	uniprot:P78413
IRX	uaz:UAZ-PF-127	IRX5	uniprot:P78411
IRX	uaz:UAZ-PF-127	IRX6	uniprot:P78412
IRX	uaz:UAZ-PF-127	MKX	uniprot:Q8IYA7
JAK	uaz:UAZ-PF-128	JAK1	uniprot:P23458
JAK	uaz:UAZ-PF-128	JAK2	uniprot:O60674
JAK	uaz:UAZ-PF-128	JAK3	uniprot:P52333
JAK	uaz:UAZ-PF-128	TYK2	uniprot:P29597
KLK	uaz:UAZ-PF-129	KLK1	uniprot:P06870
KLK	uaz:UAZ-PF-129	KLK10	uniprot:O43240
KLK	uaz:UAZ-PF-129	KLK11	uniprot:Q9UBX7
KLK	uaz:UAZ-PF-129	KLK12	uniprot:Q9UKR0
KLK	uaz:UAZ-PF-129	KLK13	uniprot:Q9UKR3
KLK	uaz:UAZ-PF-129	KLK14	uniprot:Q9P0G3
KLK	uaz:UAZ-PF-129	KLK15	uniprot:Q9H2R5
KLK	uaz:UAZ-PF-129	KLK2	uniprot:P20151
KLK	uaz:UAZ-PF-129	KLK3	uniprot:P07288
KLK	uaz:UAZ-PF-129	KLK4	uniprot:Q9Y5K2
KLK	uaz:UAZ-PF-129	KLK5	uniprot:Q9Y337
KLK	uaz:UAZ-PF-129	KLK6	uniprot:Q92876
KLK	uaz:UAZ-PF-129	KLK7	uniprot:P49862
KLK	uaz:UAZ-PF-129	KLK8	uniprot:O60259
KLK	uaz:UAZ-PF-129	KLK9	uniprot:Q9UKQ9
KLK	uaz:UAZ-PF-129	KLKB1	uniprot:P03952
LDH	uaz:UAZ-PF-130	LDHA	uniprot:P00338
LDH	uaz:UAZ-PF-130	LDHB	uniprot:P07195
LDH	uaz:UAZ-PF-130	LDHC	uniprot:P07864
MAF	pfam:PF02545	MAF	uniprot:O75444
MAF	pfam:PF02545	MAFA	uniprot:Q8NHW3
MAF	pfam:PF02545	MAFB	uniprot:Q9Y5Q3
MAF	pfam:PF02545	MAFF	uniprot:Q9ULX9
MAF	pfam:PF02545	MAFG	uniprot:O15525
MAF	pfam:PF02545	MAFK	uniprot:O60675
MEK	uaz:UAZ-PF-132	MAP2K1	uniprot:Q02750
MEK	uaz:UAZ-PF-132	MAP2K2	uniprot:P36507
MEK1/2	uaz:UAZ-PF-132	MAP2K1	uniprot:Q02750
MEK1/2	uaz:UAZ-PF-132	MAP2K2	uniprot:P36507
MEK1/MEK2	uaz:UAZ-PF-132	MAP2K1	uniprot:Q02750
MEK1/MEK2	uaz:UAZ-PF-132	MAP2K2	uniprot:P36507
MAPK Erk1/3	uaz:UAZ-PF-133	MAPK1	uniprot:P28482
MAPK Erk1/3	uaz:UAZ-PF-133	MAPK3	uniprot:P27361
MAPK1/3	uaz:UAZ-PF-133	MAPK1	uniprot:P28482
MAPK1/3	uaz:UAZ-PF-133	MAPK3	uniprot:P27361
MAPK1/MAPK3	uaz:UAZ-PF-133	MAPK1	uniprot:P28482
MAPK1/MAPK3	uaz:UAZ-PF-133	MAPK3	uniprot:P27361
MAPK3/MAPK1	uaz:UAZ-PF-133	MAPK1	uniprot:P28482
MAPK3/MAPK1	uaz:UAZ-PF-133	MAPK3	uniprot:P27361
MAPK JNK	uaz:UAZ-PF-134	MAPK10	uniprot:P53779
MAPK JNK	uaz:UAZ-PF-134	MAPK8	uniprot:P45983
MAPK JNK	uaz:UAZ-PF-134	MAPK9	uniprot:P45984
MAPK p38	uaz:UAZ-PF-135	MAPK11	uniprot:Q15759
MAPK p38	uaz:UAZ-PF-135	MAPK12	uniprot:P53778
MAPK p38	uaz:UAZ-PF-135	MAPK13	uniprot:O15264
MAPK p38	uaz:UAZ-PF-135	MAPK14	uniprot:Q16539
p38 MAPK	uaz:UAZ-PF-135	MAPK11	uniprot:Q15759
p38 MAPK	uaz:UAZ-PF-135	MAPK12	uniprot:P53778
p38 MAPK	uaz:UAZ-PF-135	MAPK13	uniprot:O15264
p38 MAPK	uaz:UAZ-PF-135	MAPK14	uniprot:Q16539
p38 MAPKs	uaz:UAZ-PF-135	MAPK11	uniprot:Q15759
p38 MAPKs	uaz:UAZ-PF-135	MAPK12	uniprot:P53778
p38 MAPKs	uaz:UAZ-PF-135	MAPK13	uniprot:O15264
p38 MAPKs	uaz:UAZ-PF-135	MAPK14	uniprot:Q16539
MEF2	uaz:UAZ-PF-136	MEF2A	uniprot:Q02078
MEF2	uaz:UAZ-PF-136	MEF2C	uniprot:Q06413
MEF2	uaz:UAZ-PF-136	MEF2D	uniprot:Q14814
MEF2	uaz:UAZ-PF-136	MEF2B	uniprot:Q02080
MMP	uaz:UAZ-PF-137	MMP1	uniprot:P03956
MMP	uaz:UAZ-PF-137	MMP10	uniprot:P09238
MMP	uaz:UAZ-PF-137	MMP11	uniprot:P24347
MMP	uaz:UAZ-PF-137	MMP12	uniprot:P39900
MMP	uaz:UAZ-PF-137	MMP13	uniprot:P45452
MMP	uaz:UAZ-PF-137	MMP14	uniprot:P50281
MMP	uaz:UAZ-PF-137	MMP15	uniprot:P51511
MMP	uaz:UAZ-PF-137	MMP16	uniprot:P51512
MMP	uaz:UAZ-PF-137	MMP17	uniprot:Q9ULZ9
MMP	uaz:UAZ-PF-137	MMP19	uniprot:Q99542
MMP	uaz:UAZ-PF-137	MMP2	uniprot:P08253
MMP	uaz:UAZ-PF-137	MMP20	uniprot:O60882
MMP	uaz:UAZ-PF-137	MMP21	uniprot:Q8N119
MMP	uaz:UAZ-PF-137	MMP23B	uniprot:O75900
MMP	uaz:UAZ-PF-137	MMP24	uniprot:Q9Y5R2
MMP	uaz:UAZ-PF-137	MMP25	uniprot:Q9NPA2
MMP	uaz:UAZ-PF-137	MMP26	uniprot:Q9NRE1
MMP	uaz:UAZ-PF-137	MMP27	uniprot:Q9H306
MMP	uaz:UAZ-PF-137	MMP28	uniprot:Q9H239
MMP	uaz:UAZ-PF-137	MMP3	uniprot:P08254
MMP	uaz:UAZ-PF-137	MMP7	uniprot:P09237
MMP	uaz:UAZ-PF-137	MMP8	uniprot:P22894
MMP	uaz:UAZ-PF-137	MMP9	uniprot:P14780
MYH	uaz:UAZ-PF-138	MYH1	uniprot:P12882
MYH	uaz:UAZ-PF-138	MYH10	uniprot:P35580
MYH	uaz:UAZ-PF-138	MYH11	uniprot:P35749
MYH	uaz:UAZ-PF-138	MYH13	uniprot:Q9UKX3
MYH	uaz:UAZ-PF-138	MYH14	uniprot:Q7Z406
MYH	uaz:UAZ-PF-138	MYH15	uniprot:Q9Y2K3
MYH	uaz:UAZ-PF-138	MYH2	uniprot:Q9UKX2
MYH	uaz:UAZ-PF-138	MYH3	uniprot:P11055
MYH	uaz:UAZ-PF-138	MYH4	uniprot:Q9Y623
MYH	uaz:UAZ-PF-138	MYH6	uniprot:P13533
MYH	uaz:UAZ-PF-138	MYH7	uniprot:P12883
MYH	uaz:UAZ-PF-138	MYH7B	uniprot:A7E2Y1
MYH	uaz:UAZ-PF-138	MYH8	uniprot:P13535
MYH	uaz:UAZ-PF-138	MYH9	uniprot:P35579
MYH	uaz:UAZ-PF-138	MYO5A	uniprot:Q9Y4I1
MYL Alkali	uaz:UAZ-PF-139	MYL1	uniprot:P05976
MYL Alkali	uaz:UAZ-PF-139	MYL3	uniprot:P08590
MYL Alkali	uaz:UAZ-PF-139	MYL4	uniprot:P12829
MYL Alkali	uaz:UAZ-PF-139	MYL6	uniprot:P60660
MYL Alkali	uaz:UAZ-PF-139	MYL6B	uniprot:P14649
MYL	uaz:UAZ-PF-140	MYL1	uniprot:P05976
MYL	uaz:UAZ-PF-140	MYL12A	uniprot:P19105
MYL	uaz:UAZ-PF-140	MYL2	uniprot:P10916
MYL	uaz:UAZ-PF-140	MYL3	uniprot:P08590
MYL	uaz:UAZ-PF-140	MYL4	uniprot:P12829
MYL	uaz:UAZ-PF-140	MYL5	uniprot:Q02045
MYL	uaz:UAZ-PF-140	MYL6	uniprot:P60660
MYL	uaz:UAZ-PF-140	MYL6B	uniprot:P14649
MYL	uaz:UAZ-PF-140	MYL7	uniprot:Q01449
MYL	uaz:UAZ-PF-140	MYL9	uniprot:P24844
MYL Regulatory	uaz:UAZ-PF-141	MYL10	uniprot:Q9BUA6
MYL Regulatory	uaz:UAZ-PF-141	MYL12A	uniprot:P19105
MYL Regulatory	uaz:UAZ-PF-141	MYL12B	uniprot:O14950
MYL Regulatory	uaz:UAZ-PF-141	MYL2	uniprot:P10916
MYL Regulatory	uaz:UAZ-PF-141	MYL5	uniprot:Q02045
MYL Regulatory	uaz:UAZ-PF-141	MYL7	uniprot:Q01449
MYL Regulatory	uaz:UAZ-PF-141	MYL9	uniprot:P24844
MYL Regulatory	uaz:UAZ-PF-141	MYLPF	uniprot:Q96A32
MYL Slow	uaz:UAZ-PF-142	MYL2	uniprot:P10916
MYL Slow	uaz:UAZ-PF-142	MYL3	uniprot:P08590
MYL Slow	uaz:UAZ-PF-142	MYL6B	uniprot:P14649
MYST	uaz:UAZ-PF-143	KAT8	uniprot:Q9H7Z6
MYST	uaz:UAZ-PF-143	KAT7	uniprot:O95251
MYST	uaz:UAZ-PF-143	KAT6A	uniprot:Q92794
MYST	uaz:UAZ-PF-143	KAT6B	uniprot:Q8WYB5
MYST	uaz:UAZ-PF-143	KAT5	uniprot:Q92993
p160/SRC	uaz:UAZ-PF-144	NCOA1	uniprot:Q15788
p160/SRC	uaz:UAZ-PF-144	NCOA2	uniprot:Q15596
p160/SRC	uaz:UAZ-PF-144	NCOA3	uniprot:Q9Y6Q9
NCOR	uaz:UAZ-PF-145	NCOR1	uniprot:O75376
NCOR	uaz:UAZ-PF-145	NCOR2	uniprot:Q9Y618
NDRG	uaz:UAZ-PF-146	NDRG1	uniprot:Q92597
NDRG	uaz:UAZ-PF-146	NDRG2	uniprot:Q9UN36
NDRG	uaz:UAZ-PF-146	NDRG3	uniprot:Q9UGV2
NDRG	uaz:UAZ-PF-146	NDRG4	uniprot:Q9ULP0
NFAT	uaz:UAZ-PF-147	NFATC1	uniprot:O95644
NFAT	uaz:UAZ-PF-147	NFATC2	uniprot:Q13469
NFAT	uaz:UAZ-PF-147	NFATC3	uniprot:Q12968
NFAT	uaz:UAZ-PF-147	NFATC4	uniprot:Q14934
NFAT	uaz:UAZ-PF-147	NFAT5	uniprot:O94916
NKD	uaz:UAZ-PF-148	NKD1	uniprot:Q969G9
NKD	uaz:UAZ-PF-148	NKD2	uniprot:Q969F2
NOS	uaz:UAZ-PF-149	NOS1	uniprot:P29475
NOS	uaz:UAZ-PF-149	NOS2	uniprot:P35228
NOS	uaz:UAZ-PF-149	NOS3	uniprot:P29474
NOTCH	pfam:PF00066	NOTCH1	uniprot:P46531
NOTCH	pfam:PF00066	NOTCH2	uniprot:Q04721
NOTCH	pfam:PF00066	NOTCH3	uniprot:Q9UM47
NOTCH	pfam:PF00066	NOTCH4	uniprot:Q99466
NRG1/2	uaz:UAZ-PF-151	NRG1	uniprot:Q02297
NRG1/2	uaz:UAZ-PF-151	NRG2	uniprot:O14511
NRG3/4	uaz:UAZ-PF-152	NRG3	uniprot:P56975
NRG3/4	uaz:UAZ-PF-152	NRG4	uniprot:Q8WWG1
NTRK	uaz:UAZ-PF-153	NTRK1	uniprot:P04629
NTRK	uaz:UAZ-PF-153	NTRK2	uniprot:Q16620
NTRK	uaz:UAZ-PF-153	NTRK3	uniprot:Q16288
P2RX	uaz:UAZ-PF-154	P2RX1	uniprot:P51575
P2RX	uaz:UAZ-PF-154	P2RX2	uniprot:Q9UBL9
P2RX	uaz:UAZ-PF-154	P2RX3	uniprot:P56373
P2RX	uaz:UAZ-PF-154	P2RX4	uniprot:Q99571
P2RX	uaz:UAZ-PF-154	P2RX5	uniprot:Q93086
P2RX	uaz:UAZ-PF-154	P2RX6	uniprot:O15547
P2RX	uaz:UAZ-PF-154	P2RX7	uniprot:Q99572
P2RY	uaz:UAZ-PF-155	P2RY1	uniprot:P47900
P2RY	uaz:UAZ-PF-155	P2RY2	uniprot:P41231
P2RY	uaz:UAZ-PF-155	P2RY4	uniprot:P51582
P2RY	uaz:UAZ-PF-155	P2RY6	uniprot:Q15077
P2RY	uaz:UAZ-PF-155	P2RY8	uniprot:Q86VZ1
P2RY	uaz:UAZ-PF-155	P2RY10	uniprot:O00398
P2RY	uaz:UAZ-PF-155	P2RY11	uniprot:Q96G91
P2RY	uaz:UAZ-PF-155	P2RY12	uniprot:Q9H244
P2RY	uaz:UAZ-PF-155	P2RY13	uniprot:Q9BPV8
P2RY	uaz:UAZ-PF-155	P2RY14	uniprot:Q15391
P2RY	uaz:UAZ-PF-155	LPAR4	uniprot:Q99677
P2RY	uaz:UAZ-PF-155	LPAR6	uniprot:P43657
PAK	uaz:UAZ-PF-156	PAK1	uniprot:Q13153
PAK	uaz:UAZ-PF-156	PAK2	uniprot:Q13177
PAK	uaz:UAZ-PF-156	PAK3	uniprot:O75914
PAK	uaz:UAZ-PF-156	PAK4	uniprot:O96013
PAK	uaz:UAZ-PF-156	PAK6	uniprot:Q9NQU5
PAK	uaz:UAZ-PF-156	PAK7	uniprot:Q9P286
PARV	uaz:UAZ-PF-157	PARVA	uniprot:Q9NVD7
PARV	uaz:UAZ-PF-157	PARVB	uniprot:Q9HBI1
PARV	uaz:UAZ-PF-157	PARVG	uniprot:Q9HBI0
PBX	uaz:UAZ-PF-158	PBX1	uniprot:P40424
PBX	uaz:UAZ-PF-158	PBX2	uniprot:P40425
PBX	uaz:UAZ-PF-158	PBX3	uniprot:P40426
PBX	uaz:UAZ-PF-158	PBX4	uniprot:Q9BYU1
PDE	uaz:UAZ-PF-159	CNP	uniprot:P09543
PDE	uaz:UAZ-PF-159	PDE10A	uniprot:Q9Y233
PDE	uaz:UAZ-PF-159	PDE11A	uniprot:Q9HCR9
PDE	uaz:UAZ-PF-159	PDE1A	uniprot:P54750
PDE	uaz:UAZ-PF-159	PDE1B	uniprot:Q01064
PDE	uaz:UAZ-PF-159	PDE1C	uniprot:Q14123
PDE	uaz:UAZ-PF-159	PDE2A	uniprot:O00408
PDE	uaz:UAZ-PF-159	PDE3A	uniprot:Q14432
PDE	uaz:UAZ-PF-159	PDE3B	uniprot:Q13370
PDE	uaz:UAZ-PF-159	PDE4A	uniprot:P27815
PDE	uaz:UAZ-PF-159	PDE4B	uniprot:Q07343
PDE	uaz:UAZ-PF-159	PDE4C	uniprot:Q08493
PDE	uaz:UAZ-PF-159	PDE4D	uniprot:Q08499
PDE	uaz:UAZ-PF-159	PDE5A	uniprot:O76074
PDE	uaz:UAZ-PF-159	PDE6A	uniprot:P16499
PDE	uaz:UAZ-PF-159	PDE6B	uniprot:P35913
PDE	uaz:UAZ-PF-159	PDE6C	uniprot:P51160
PDE	uaz:UAZ-PF-159	PDE7A	uniprot:Q13946
PDE	uaz:UAZ-PF-159	PDE7B	uniprot:Q9NP56
PDE	uaz:UAZ-PF-159	PDE8A	uniprot:O60658
PDE	uaz:UAZ-PF-159	PDE8B	uniprot:O95263
PDE	uaz:UAZ-PF-159	PDE9A	uniprot:O76083
PDE1	uaz:UAZ-PF-160	PDE1A	uniprot:P54750
PDE1	uaz:UAZ-PF-160	PDE1B	uniprot:Q01064
PDE1	uaz:UAZ-PF-160	PDE1C	uniprot:Q14123
PDE3	uaz:UAZ-PF-161	PDE3A	uniprot:Q14432
PDE3	uaz:UAZ-PF-161	PDE3B	uniprot:Q13370
PDE4	uaz:UAZ-PF-162	PDE4A	uniprot:P27815
PDE4	uaz:UAZ-PF-162	PDE4B	uniprot:Q07343
PDE4	uaz:UAZ-PF-162	PDE4C	uniprot:Q08493
PDE4	uaz:UAZ-PF-162	PDE4D	uniprot:Q08499
PDE6	uaz:UAZ-PF-163	PDE6A	uniprot:P16499
PDE6	uaz:UAZ-PF-163	PDE6B	uniprot:P35913
PDE6	uaz:UAZ-PF-163	PDE6C	uniprot:P51160
PDGF	pfam:PF00341	PDGFA	uniprot:P04085
PDGF	pfam:PF00341	PDGFB	uniprot:P01127
PDGF	pfam:PF00341	PDGFC	uniprot:Q9NRA1
PDGF	pfam:PF00341	PDGFD	uniprot:Q9GZP0
PDGFR	uaz:UAZ-PF-165	PDGFRA	uniprot:P16234
PDGFR	uaz:UAZ-PF-165	PDGFRB	uniprot:P09619
PDK	uaz:UAZ-PF-166	PDK1	uniprot:Q15118
PDK	uaz:UAZ-PF-166	PDK2	uniprot:Q15119
PDK	uaz:UAZ-PF-166	PDK3	uniprot:Q15120
PDK	uaz:UAZ-PF-166	PDK4	uniprot:Q16654
PFN	uaz:UAZ-PF-167	PFN1	uniprot:P07737
PFN	uaz:UAZ-PF-167	PFN2	uniprot:P35080
PFN	uaz:UAZ-PF-167	PFN3	uniprot:P60673
PFN	uaz:UAZ-PF-167	PFN4	uniprot:Q8NHR9
PIK3C Class IA	uaz:UAZ-PF-168	PIK3CA	uniprot:P42336
PIK3C Class IA	uaz:UAZ-PF-168	PIK3CB	uniprot:P42338
PIK3C Class IA	uaz:UAZ-PF-168	PIK3CD	uniprot:O00329
PIK3R Class IA	uaz:UAZ-PF-169	PIK3R1	uniprot:P27986
PIK3R Class IA	uaz:UAZ-PF-169	PIK3R2	uniprot:O00459
PIK3R Class IA	uaz:UAZ-PF-169	PIK3R3	uniprot:Q92569
PKI	pfam:PF02827	PKIA	uniprot:P61925
PKI	pfam:PF02827	PKIB	uniprot:Q9C010
PKI	pfam:PF02827	PKIG	uniprot:Q9Y2B9
PLA2	uaz:UAZ-PF-171	PLA2G10	uniprot:O15496
PLA2	uaz:UAZ-PF-171	PLA2G12A	uniprot:Q9BZM1
PLA2	uaz:UAZ-PF-171	PLA2G12B	uniprot:Q9BX93
PLA2	uaz:UAZ-PF-171	PLA2G1B	uniprot:P04054
PLA2	uaz:UAZ-PF-171	PLA2G2A	uniprot:P14555
PLA2	uaz:UAZ-PF-171	PLA2G2D	uniprot:Q9UNK4
PLA2	uaz:UAZ-PF-171	PLA2G2E	uniprot:Q9NZK7
PLA2	uaz:UAZ-PF-171	PLA2G2F	uniprot:Q9BZM2
PLA2	uaz:UAZ-PF-171	PLA2G3	uniprot:Q9NZ20
PLA2	uaz:UAZ-PF-171	PLA2G4A	uniprot:P47712
PLA2	uaz:UAZ-PF-171	PLA2G4C	uniprot:Q9UP65
PLA2	uaz:UAZ-PF-171	PLA2G4D	uniprot:Q86XP0
PLA2	uaz:UAZ-PF-171	PLA2G5	uniprot:P39877
PLA2	uaz:UAZ-PF-171	PLA2G6	uniprot:O60733
PLA2	uaz:UAZ-PF-171	PLA2G7	uniprot:Q13093
PLA2G2	uaz:UAZ-PF-172	PLA2G2A	uniprot:P14555
PLA2G2	uaz:UAZ-PF-172	PLA2G2C	uniprot:Q5R387
PLA2G2	uaz:UAZ-PF-172	PLA2G2D	uniprot:Q9UNK4
PLA2G2	uaz:UAZ-PF-172	PLA2G2E	uniprot:Q9NZK7
PLA2G2	uaz:UAZ-PF-172	PLA2G2F	uniprot:Q9BZM2
PLC	uaz:UAZ-PF-173	PLCB1	uniprot:Q9NQ66
PLC	uaz:UAZ-PF-173	PLCB2	uniprot:Q00722
PLC	uaz:UAZ-PF-173	PLCB3	uniprot:Q01970
PLC	uaz:UAZ-PF-173	PLCB4	uniprot:Q15147
PLC	uaz:UAZ-PF-173	PLCD1	uniprot:P51178
PLC	uaz:UAZ-PF-173	PLCD3	uniprot:Q8N3E9
PLC	uaz:UAZ-PF-173	PLCD4	uniprot:Q9BRC7
PLC	uaz:UAZ-PF-173	PLCE1	uniprot:Q9P212
PLC	uaz:UAZ-PF-173	PLCZ1	uniprot:Q86YW0
PLCB	uaz:UAZ-PF-174	PLCB1	uniprot:Q9NQ66
PLCB	uaz:UAZ-PF-174	PLCB2	uniprot:Q00722
PLCB	uaz:UAZ-PF-174	PLCB3	uniprot:Q01970
PLCB	uaz:UAZ-PF-174	PLCB4	uniprot:Q15147
PLCG	uaz:UAZ-PF-175	PLCG1	uniprot:P19174
PLCG	uaz:UAZ-PF-175	PLCG2	uniprot:P16885
PLD	uaz:UAZ-PF-176	PLD1	uniprot:Q13393
PLD	uaz:UAZ-PF-176	PLD2	uniprot:O14939
PLD	uaz:UAZ-PF-176	PLD3	uniprot:Q8IV08
PLD	uaz:UAZ-PF-176	PLD4	uniprot:Q96BZ4
PLD	uaz:UAZ-PF-176	PLD5	uniprot:Q8N7P1
PLD	uaz:UAZ-PF-176	PLD6	uniprot:Q8N2A8
PPAP2	uaz:UAZ-PF-177	PPAP2A	uniprot:Q8N2A8
PPAP2	uaz:UAZ-PF-177	PPAP2B	uniprot:Q8N2A8
PPAP2	uaz:UAZ-PF-177	PPAP2C	uniprot:Q8N2A8
PPAR	uaz:UAZ-PF-178	PPARA	uniprot:Q07869
PPAR	uaz:UAZ-PF-178	PPARD	uniprot:Q03181
PPAR	uaz:UAZ-PF-178	PPARG	uniprot:P37231
PPP1C	uaz:UAZ-PF-179	PPP1CA	uniprot:P62136
PPP1C	uaz:UAZ-PF-179	PPP1CB	uniprot:P62140
PPP1C	uaz:UAZ-PF-179	PPP1CC	uniprot:P36873
PPP1R	uaz:UAZ-PF-180	PPP1R10	uniprot:Q96QC0
PPP1R	uaz:UAZ-PF-180	PPP1R11	uniprot:O60927
PPP1R	uaz:UAZ-PF-180	PPP1R12A	uniprot:O14974
PPP1R	uaz:UAZ-PF-180	PPP1R12B	uniprot:O60237
PPP1R	uaz:UAZ-PF-180	PPP1R12C	uniprot:Q9BZL4
PPP1R	uaz:UAZ-PF-180	PPP1R13B	uniprot:Q96KQ4
PPP1R	uaz:UAZ-PF-180	PPP1R14A	uniprot:Q96A00
PPP1R	uaz:UAZ-PF-180	PPP1R14B	uniprot:Q96C90
PPP1R	uaz:UAZ-PF-180	PPP1R14C	uniprot:Q8TAE6
PPP1R	uaz:UAZ-PF-180	PPP1R14D	uniprot:Q9NXH3
PPP1R	uaz:UAZ-PF-180	PPP1R15A	uniprot:O75807
PPP1R	uaz:UAZ-PF-180	PPP1R15B	uniprot:Q5SWA1
PPP1R	uaz:UAZ-PF-180	PPP1R16A	uniprot:Q96I34
PPP1R	uaz:UAZ-PF-180	PPP1R16B	uniprot:Q96T49
PPP1R	uaz:UAZ-PF-180	PPP1R1A	uniprot:Q13522
PPP1R	uaz:UAZ-PF-180	PPP1R1B	uniprot:Q9UD71
PPP1R	uaz:UAZ-PF-180	PPP1R1C	uniprot:Q8WVI7
PPP1R	uaz:UAZ-PF-180	PPP1R2	uniprot:P41236
PPP1R	uaz:UAZ-PF-180	PPP1R3A	uniprot:Q16821
PPP1R	uaz:UAZ-PF-180	PPP1R3B	uniprot:Q86XI6
PPP1R	uaz:UAZ-PF-180	PPP1R3C	uniprot:Q9UQK1
PPP1R	uaz:UAZ-PF-180	PPP1R3D	uniprot:O95685
PPP1R	uaz:UAZ-PF-180	PPP1R3F	uniprot:Q6ZSY5
PPP1R	uaz:UAZ-PF-180	PPP1R7	uniprot:Q15435
PPP1R	uaz:UAZ-PF-180	PPP1R8	uniprot:Q12972
PPP1R	uaz:UAZ-PF-180	PPP1R9A	uniprot:Q9ULJ8
PPP1R	uaz:UAZ-PF-180	PPP1R9B	uniprot:Q96SB3
PPP2C	uaz:UAZ-PF-181	PPM1J	uniprot:Q5JR12
PPP2C	uaz:UAZ-PF-181	PPP2CA	uniprot:P67775
PPP2C	uaz:UAZ-PF-181	PPP2CB	uniprot:P62714
PPP2R Subunit A	uaz:UAZ-PF-182	PPP2R1A	uniprot:P30153
PPP2R Subunit A	uaz:UAZ-PF-182	PPP2R1B	uniprot:P30154
PPP2R Subunit B	uaz:UAZ-PF-183	PPP2R2A	uniprot:P63151
PPP2R Subunit B	uaz:UAZ-PF-183	PPP2R2B	uniprot:Q00005
PPP2R Subunit B	uaz:UAZ-PF-183	PPP2R2C	uniprot:Q9Y2T4
PPP2R Subunit B	uaz:UAZ-PF-183	PPP2R2D	uniprot:Q66LE6
PPP2R Subunit B	uaz:UAZ-PF-183	PPP2R3A	uniprot:Q06190
PPP2R Subunit B	uaz:UAZ-PF-183	PPP2R3B	uniprot:Q9Y5P8
PPP2R Subunit B	uaz:UAZ-PF-183	PPP2R4	uniprot:Q15257
PPP2R Subunit B	uaz:UAZ-PF-183	PPP2R5A	uniprot:Q15172
PPP2R Subunit B	uaz:UAZ-PF-183	PPP2R5B	uniprot:Q15173
PPP2R Subunit B	uaz:UAZ-PF-183	PPP2R5C	uniprot:Q13362
PPP2R Subunit B	uaz:UAZ-PF-183	PPP2R5D	uniprot:Q14738
PPP2R Subunit B	uaz:UAZ-PF-183	PPP2R5E	uniprot:Q16537
PPP3	uaz:UAZ-PF-184	PPP3CA	uniprot:Q08209
PPP3	uaz:UAZ-PF-184	PPP3CB	uniprot:P16298
PPP3	uaz:UAZ-PF-184	PPP3CC	uniprot:P48454
PPP3C	uaz:UAZ-PF-185	PPP3CA	uniprot:Q08209
PPP3C	uaz:UAZ-PF-185	PPP3CB	uniprot:P16298
PPP3C	uaz:UAZ-PF-185	PPP3CC	uniprot:P48454
PPP3R	uaz:UAZ-PF-186	PPP3R1	uniprot:P63098
PPP3R	uaz:UAZ-PF-186	PPP3R2	uniprot:Q96LZ3
PRDX	uaz:UAZ-PF-187	PRDX1	uniprot:Q06830
PRDX	uaz:UAZ-PF-187	PRDX2	uniprot:P32119
PRDX	uaz:UAZ-PF-187	PRDX3	uniprot:P30048
PRDX	uaz:UAZ-PF-187	PRDX4	uniprot:Q13162
PRDX	uaz:UAZ-PF-187	PRDX5	uniprot:P30044
PRDX	uaz:UAZ-PF-187	PRDX6	uniprot:P30041
PRKA	pfam:PF06798	PRKACA	uniprot:P17612
PRKA	pfam:PF06798	PRKACB	uniprot:P22694
PRKA	pfam:PF06798	PRKACG	uniprot:P22612
PRKAA	uaz:UAZ-PF-189	PRKAA1	uniprot:Q13131
PRKAA	uaz:UAZ-PF-189	PRKAA2	uniprot:P54646
PRKAB	uaz:UAZ-PF-190	PRKAB1	uniprot:Q9Y478
PRKAB	uaz:UAZ-PF-190	PRKAB2	uniprot:O43741
PRKAG	uaz:UAZ-PF-191	PRKAG1	uniprot:P54619
PRKAG	uaz:UAZ-PF-191	PRKAG2	uniprot:Q9UGJ0
PRKAG	uaz:UAZ-PF-191	PRKAG3	uniprot:Q9UGI9
PRKAR	uaz:UAZ-PF-192	PRKAR1A	uniprot:P10644
PRKAR	uaz:UAZ-PF-192	PRKAR1B	uniprot:P31321
PRKAR	uaz:UAZ-PF-192	PRKAR2A	uniprot:P13861
PRKAR	uaz:UAZ-PF-192	PRKAR2B	uniprot:P31323
PRKC	uaz:UAZ-PF-193	PRKCA	uniprot:P17252
PRKC	uaz:UAZ-PF-193	PRKCB	uniprot:P05771
PRKC	uaz:UAZ-PF-193	PRKCD	uniprot:Q05655
PRKC	uaz:UAZ-PF-193	PRKCE	uniprot:Q02156
PRKC	uaz:UAZ-PF-193	PRKCG	uniprot:P05129
PRKC	uaz:UAZ-PF-193	PRKCH	uniprot:P24723
PRKC	uaz:UAZ-PF-193	PRKCI	uniprot:P41743
PRKC	uaz:UAZ-PF-193	PRKCQ	uniprot:Q04759
PRKC	uaz:UAZ-PF-193	PRKCZ	uniprot:Q05513
PRKC	uaz:UAZ-PF-193	PRKD3	uniprot:O94806
PRKG	uaz:UAZ-PF-194	PRKG1	uniprot:Q13976
PRKG	uaz:UAZ-PF-194	PRKG2	uniprot:Q13237
PTGER	uaz:UAZ-PF-195	PTGER1	uniprot:P34995
PTGER	uaz:UAZ-PF-195	PTGER2	uniprot:P43116
PTGER	uaz:UAZ-PF-195	PTGER3	uniprot:P43115
PTGER	uaz:UAZ-PF-195	PTGER4	uniprot:P35408
RAB	uaz:UAZ-PF-196	RAB10	uniprot:P61026
RAB	uaz:UAZ-PF-196	RAB11A	uniprot:P62491
RAB	uaz:UAZ-PF-196	RAB11B	uniprot:Q15907
RAB	uaz:UAZ-PF-196	RAB12	uniprot:Q6IQ22
RAB	uaz:UAZ-PF-196	RAB13	uniprot:P51153
RAB	uaz:UAZ-PF-196	RAB14	uniprot:P61106
RAB	uaz:UAZ-PF-196	RAB15	uniprot:P59190
RAB	uaz:UAZ-PF-196	RAB17	uniprot:Q9H0T7
RAB	uaz:UAZ-PF-196	RAB18	uniprot:Q9NP72
RAB	uaz:UAZ-PF-196	RAB19	uniprot:A4D1S5
RAB	uaz:UAZ-PF-196	RAB1A	uniprot:P62820
RAB	uaz:UAZ-PF-196	RAB1B	uniprot:Q9H0U4
RAB	uaz:UAZ-PF-196	RAB1C	uniprot:Q92928
RAB	uaz:UAZ-PF-196	RAB20	uniprot:Q9NX57
RAB	uaz:UAZ-PF-196	RAB21	uniprot:Q9UL25
RAB	uaz:UAZ-PF-196	RAB22A	uniprot:Q9UL26
RAB	uaz:UAZ-PF-196	RAB23	uniprot:Q9ULC3
RAB	uaz:UAZ-PF-196	RAB24	uniprot:Q969Q5
RAB	uaz:UAZ-PF-196	RAB25	uniprot:P57735
RAB	uaz:UAZ-PF-196	RAB26	uniprot:Q9ULW5
RAB	uaz:UAZ-PF-196	RAB27A	uniprot:P51159
RAB	uaz:UAZ-PF-196	RAB27B	uniprot:O00194
RAB	uaz:UAZ-PF-196	RAB28	uniprot:P51157
RAB	uaz:UAZ-PF-196	RAB2A	uniprot:P61019
RAB	uaz:UAZ-PF-196	RAB2B	uniprot:Q8WUD1
RAB	uaz:UAZ-PF-196	RAB30	uniprot:Q15771
RAB	uaz:UAZ-PF-196	RAB31	uniprot:Q13636
RAB	uaz:UAZ-PF-196	RAB32	uniprot:Q13637
RAB	uaz:UAZ-PF-196	RAB33A	uniprot:Q14088
RAB	uaz:UAZ-PF-196	RAB33B	uniprot:Q9H082
RAB	uaz:UAZ-PF-196	RAB34	uniprot:P0DI83
RAB	uaz:UAZ-PF-196	RAB35	uniprot:Q15286
RAB	uaz:UAZ-PF-196	RAB36	uniprot:O95755
RAB	uaz:UAZ-PF-196	RAB37	uniprot:Q96AX2
RAB	uaz:UAZ-PF-196	RAB38	uniprot:P57729
RAB	uaz:UAZ-PF-196	RAB39A	uniprot:Q14964
RAB	uaz:UAZ-PF-196	RAB39B	uniprot:Q96DA2
RAB	uaz:UAZ-PF-196	RAB3A	uniprot:P20336
RAB	uaz:UAZ-PF-196	RAB3B	uniprot:P20337
RAB	uaz:UAZ-PF-196	RAB3C	uniprot:Q96E17
RAB	uaz:UAZ-PF-196	RAB3D	uniprot:O95716
RAB	uaz:UAZ-PF-196	RAB40A	uniprot:Q8WXH6
RAB	uaz:UAZ-PF-196	RAB40AL	uniprot:P0C0E4
RAB	uaz:UAZ-PF-196	RAB40B	uniprot:Q12829
RAB	uaz:UAZ-PF-196	RAB40C	uniprot:Q96S21
RAB	uaz:UAZ-PF-196	RAB41	uniprot:Q5JT25
RAB	uaz:UAZ-PF-196	RAB42	uniprot:Q8N4Z0
RAB	uaz:UAZ-PF-196	RAB43	uniprot:Q86YS6
RAB	uaz:UAZ-PF-196	RAB44	uniprot:Q7Z6P3
RAB	uaz:UAZ-PF-196	RAB4A	uniprot:P20338
RAB	uaz:UAZ-PF-196	RAB4B	uniprot:P61018
RAB	uaz:UAZ-PF-196	RAB5A	uniprot:P20339
RAB	uaz:UAZ-PF-196	RAB5B	uniprot:P61020
RAB	uaz:UAZ-PF-196	RAB5C	uniprot:P51148
RAB	uaz:UAZ-PF-196	RAB6A	uniprot:P20340
RAB	uaz:UAZ-PF-196	RAB6B	uniprot:Q9NRW1
RAB	uaz:UAZ-PF-196	RAB6C	uniprot:Q9H0N0
RAB	uaz:UAZ-PF-196	RAB7A	uniprot:P51149
RAB	uaz:UAZ-PF-196	RAB7B	uniprot:Q96AH8
RAB	uaz:UAZ-PF-196	RAB7L1	uniprot:Q96AH8
RAB	uaz:UAZ-PF-196	RAB8A	uniprot:P61006
RAB	uaz:UAZ-PF-196	RAB8B	uniprot:Q92930
RAB	uaz:UAZ-PF-196	RAB9A	uniprot:P51151
RAB	uaz:UAZ-PF-196	RAB9B	uniprot:Q9NP90
RAB	uaz:UAZ-PF-196	RABL2A	uniprot:Q9UBK7
RAB	uaz:UAZ-PF-196	RABL2B	uniprot:Q9UNT1
RAB	uaz:UAZ-PF-196	RABL3	uniprot:Q5HYI8
RAB	uaz:UAZ-PF-196	RABL5	uniprot:Q5HYI8
RAC	uaz:UAZ-PF-197	RAC1	uniprot:P63000
RAC	uaz:UAZ-PF-197	RAC2	uniprot:P15153
RAC	uaz:UAZ-PF-197	RAC3	uniprot:P60763
RAC	uaz:UAZ-PF-197	RHOG	uniprot:P84095
RAF	uaz:UAZ-PF-198	ARAF	uniprot:P10398
RAF	uaz:UAZ-PF-198	BRAF	uniprot:P15056
RAF	uaz:UAZ-PF-198	RAF1	uniprot:P04049
RAR	uaz:UAZ-PF-199	RARA	uniprot:P10276
RAR	uaz:UAZ-PF-199	RARB	uniprot:P10826
RAR	uaz:UAZ-PF-199	RARG	uniprot:P13631
RAS	pfam:PF00071	HRAS	uniprot:P01112
RAS	pfam:PF00071	KRAS	uniprot:P01116
RAS	pfam:PF00071	NRAS	uniprot:P01111
RasGAP	pfam:PF00616	NF1	uniprot:P21359
RasGAP	pfam:PF00616	RASA1	uniprot:P20936
RasGAP	pfam:PF00616	RASA2	uniprot:Q15283
RasGAP	pfam:PF00616	RASA3	uniprot:Q14644
RasGAPs	pfam:PF00616	NF1	uniprot:P21359
RasGAPs	pfam:PF00616	RASA1	uniprot:P20936
RasGAPs	pfam:PF00616	RASA2	uniprot:Q15283
RasGAPs	pfam:PF00616	RASA3	uniprot:Q14644
RFX	uaz:UAZ-PF-201	RFX1	uniprot:P22670
RFX	uaz:UAZ-PF-201	RFX2	uniprot:P48378
RFX	uaz:UAZ-PF-201	RFX3	uniprot:P48380
RFX	uaz:UAZ-PF-201	RFX4	uniprot:Q33E94
RFX	uaz:UAZ-PF-201	RFX5	uniprot:P48382
RFX	uaz:UAZ-PF-201	RFX6	uniprot:Q8HWS3
RFX	uaz:UAZ-PF-201	RFX7	uniprot:Q2KHR2
RFX	uaz:UAZ-PF-201	RFX8	uniprot:Q6ZV50
RHO	uaz:UAZ-PF-202	RHOA	uniprot:P61586
RHO	uaz:UAZ-PF-202	RHOB	uniprot:P62745
RHO	uaz:UAZ-PF-202	RHOC	uniprot:P08134
ROCK	uaz:UAZ-PF-203	ROCK1	uniprot:Q13464
ROCK	uaz:UAZ-PF-203	ROCK2	uniprot:O75116
ROR	uaz:UAZ-PF-204	ROR1	uniprot:Q01973
ROR	uaz:UAZ-PF-204	ROR2	uniprot:Q01974
RPS6KA	uaz:UAZ-PF-205	RPS6KA1	uniprot:Q15418
RPS6KA	uaz:UAZ-PF-205	RPS6KA2	uniprot:Q15349
RPS6KA	uaz:UAZ-PF-205	RPS6KA3	uniprot:P51812
RPS6KA	uaz:UAZ-PF-205	RPS6KA4	uniprot:O75676
RPS6KA	uaz:UAZ-PF-205	RPS6KA5	uniprot:O75582
RPS6KA	uaz:UAZ-PF-205	RPS6KA6	uniprot:Q9UK32
RPS6KB	uaz:UAZ-PF-206	RPS6KB1	uniprot:P23443
RPS6KB	uaz:UAZ-PF-206	RPS6KB2	uniprot:Q9UBS0
RXR	uaz:UAZ-PF-207	RXRA	uniprot:P19793
RXR	uaz:UAZ-PF-207	RXRB	uniprot:P28702
RXR	uaz:UAZ-PF-207	RXRG	uniprot:P48443
S100A	uaz:UAZ-PF-208	HRNR	uniprot:Q86YZ3
S100A	uaz:UAZ-PF-208	S100A1	uniprot:P23297
S100A	uaz:UAZ-PF-208	S100A10	uniprot:P60903
S100A	uaz:UAZ-PF-208	S100A11	uniprot:P31949
S100A	uaz:UAZ-PF-208	S100A12	uniprot:P80511
S100A	uaz:UAZ-PF-208	S100A13	uniprot:Q99584
S100A	uaz:UAZ-PF-208	S100A14	uniprot:Q9HCY8
S100A	uaz:UAZ-PF-208	S100A16	uniprot:Q96FQ6
S100A	uaz:UAZ-PF-208	S100A2	uniprot:P29034
S100A	uaz:UAZ-PF-208	S100A3	uniprot:P33764
S100A	uaz:UAZ-PF-208	S100A4	uniprot:P26447
S100A	uaz:UAZ-PF-208	S100A5	uniprot:P33763
S100A	uaz:UAZ-PF-208	S100A6	uniprot:P06703
S100A	uaz:UAZ-PF-208	S100A7	uniprot:P31151
S100A	uaz:UAZ-PF-208	S100A7A	uniprot:Q86SG5
S100A	uaz:UAZ-PF-208	S100A8	uniprot:P05109
S100A	uaz:UAZ-PF-208	S100A9	uniprot:P06702
S100A	uaz:UAZ-PF-208	TCHHL1	uniprot:Q5QJ38
S1PR	uaz:UAZ-PF-209	S1PR1	uniprot:P21453
S1PR	uaz:UAZ-PF-209	S1PR2	uniprot:O95136
S1PR	uaz:UAZ-PF-209	S1PR3	uniprot:Q99500
S1PR	uaz:UAZ-PF-209	S1PR4	uniprot:O95977
S1PR	uaz:UAZ-PF-209	S1PR5	uniprot:Q9H228
SAA	pfam:PF00277	SAA1	uniprot:P0DJI8
SAA	pfam:PF00277	SAA2	uniprot:P0DJI9
SAA	pfam:PF00277	SAA4	uniprot:P35542
SCD	uaz:UAZ-PF-211	SCD	uniprot:O00767
SCD	uaz:UAZ-PF-211	SCD5	uniprot:Q86SK9
SERPINB	uaz:UAZ-PF-212	SERPINB1	uniprot:P30740
SERPINB	uaz:UAZ-PF-212	SERPINB10	uniprot:P48595
SERPINB	uaz:UAZ-PF-212	SERPINB11	uniprot:Q96P15
SERPINB	uaz:UAZ-PF-212	SERPINB12	uniprot:Q96P63
SERPINB	uaz:UAZ-PF-212	SERPINB13	uniprot:Q9UIV8
SERPINB	uaz:UAZ-PF-212	SERPINB2	uniprot:P05120
SERPINB	uaz:UAZ-PF-212	SERPINB3	uniprot:P29508
SERPINB	uaz:UAZ-PF-212	SERPINB4	uniprot:P48594
SERPINB	uaz:UAZ-PF-212	SERPINB5	uniprot:P36952
SERPINB	uaz:UAZ-PF-212	SERPINB6	uniprot:P35237
SERPINB	uaz:UAZ-PF-212	SERPINB7	uniprot:O75635
SERPINB	uaz:UAZ-PF-212	SERPINB8	uniprot:P50452
SERPINB	uaz:UAZ-PF-212	SERPINB9	uniprot:P50453
SLC2A	uaz:UAZ-PF-213	SLC2A1	uniprot:P11166
SLC2A	uaz:UAZ-PF-213	SLC2A10	uniprot:O95528
SLC2A	uaz:UAZ-PF-213	SLC2A11	uniprot:Q9BYW1
SLC2A	uaz:UAZ-PF-213	SLC2A12	uniprot:Q8TD20
SLC2A	uaz:UAZ-PF-213	SLC2A14	uniprot:Q8TDB8
SLC2A	uaz:UAZ-PF-213	SLC2A2	uniprot:P11168
SLC2A	uaz:UAZ-PF-213	SLC2A3	uniprot:P11169
SLC2A	uaz:UAZ-PF-213	SLC2A4	uniprot:P14672
SLC2A	uaz:UAZ-PF-213	SLC2A5	uniprot:P22732
SLC2A	uaz:UAZ-PF-213	SLC2A6	uniprot:Q9UGQ3
SLC2A	uaz:UAZ-PF-213	SLC2A7	uniprot:Q6PXP3
SLC2A	uaz:UAZ-PF-213	SLC2A8	uniprot:Q9NY64
SLC2A	uaz:UAZ-PF-213	SLC2A9	uniprot:Q9NRM0
SMAD	uaz:UAZ-PF-214	SMAD1	uniprot:Q15797
SMAD	uaz:UAZ-PF-214	SMAD2	uniprot:Q15796
SMAD	uaz:UAZ-PF-214	SMAD3	uniprot:P84022
SMAD	uaz:UAZ-PF-214	SMAD4	uniprot:Q13485
SMAD	uaz:UAZ-PF-214	SMAD5	uniprot:Q99717
SMAD	uaz:UAZ-PF-214	SMAD6	uniprot:O43541
SMAD	uaz:UAZ-PF-214	SMAD7	uniprot:O15105
SMAD	uaz:UAZ-PF-214	SMAD9	uniprot:O15198
SMC1	uaz:UAZ-PF-215	SMC1A	uniprot:Q14683
SMC1	uaz:UAZ-PF-215	SMC1B	uniprot:Q8NDV3
SNAI	uaz:UAZ-PF-216	SNAI1	uniprot:O95863
SNAI	uaz:UAZ-PF-216	SNAI2	uniprot:O43623
SNAI	uaz:UAZ-PF-216	SNAI3	uniprot:Q3KNW1
Cu-Zn SOD	uaz:UAZ-PF-217	SOD1	uniprot:P00441
Cu-Zn SOD	uaz:UAZ-PF-217	SOD3	uniprot:P08294
SOS	uaz:UAZ-PF-218	SOS1	uniprot:Q07889
SOS	uaz:UAZ-PF-218	SOS2	uniprot:Q07890
SRC	uaz:UAZ-PF-219	FGR	uniprot:P09769
SRC	uaz:UAZ-PF-219	FYN	uniprot:P06241
SRC	uaz:UAZ-PF-219	SRC	uniprot:P12931
SRC	uaz:UAZ-PF-219	YES1	uniprot:P07947
SREBF	uaz:UAZ-PF-220	SREBF1	uniprot:P36956
SREBF	uaz:UAZ-PF-220	SREBF2	uniprot:Q12772
STAT	uaz:UAZ-PF-221	STAT1	uniprot:P42224
STAT	uaz:UAZ-PF-221	STAT2	uniprot:P52630
STAT	uaz:UAZ-PF-221	STAT3	uniprot:P40763
STAT	uaz:UAZ-PF-221	STAT4	uniprot:Q14765
STAT	uaz:UAZ-PF-221	STAT5A	uniprot:P42229
STAT	uaz:UAZ-PF-221	STAT5B	uniprot:P51692
STAT	uaz:UAZ-PF-221	STAT6	uniprot:P42226
STAT5	uaz:UAZ-PF-222	STAT5A	uniprot:P42229
STAT5	uaz:UAZ-PF-222	STAT5B	uniprot:P51692
TAP	uaz:UAZ-PF-223	TAP1	uniprot:Q03518
TAP	uaz:UAZ-PF-223	TAP2	uniprot:Q03519
TAP	uaz:UAZ-PF-223	ABCB9	uniprot:Q9NP78
TCF/LEF	uaz:UAZ-PF-224	LEF1	uniprot:Q9UJU2
TCF/LEF	uaz:UAZ-PF-224	TCF7	uniprot:P36402
TCF/LEF	uaz:UAZ-PF-224	TCF7L1	uniprot:Q9HCS4
TCF/LEF	uaz:UAZ-PF-224	TCF7L2	uniprot:Q9NQB0
TFAP2	uaz:UAZ-PF-225	TFAP2A	uniprot:P05549
TFAP2	uaz:UAZ-PF-225	TFAP2B	uniprot:Q92481
TFAP2	uaz:UAZ-PF-225	TFAP2C	uniprot:Q92754
TFAP2	uaz:UAZ-PF-225	TFAP2D	uniprot:Q7Z6R9
TFAP2	uaz:UAZ-PF-225	TFAP2E	uniprot:Q6VUC0
TFDP	uaz:UAZ-PF-226	TFDP1	uniprot:Q14186
TFDP	uaz:UAZ-PF-226	TFDP2	uniprot:Q14188
TGFB	uaz:UAZ-PF-227	TGFB1	uniprot:P01137
TGFB	uaz:UAZ-PF-227	TGFB2	uniprot:P61812
TGFB	uaz:UAZ-PF-227	TGFB3	uniprot:P10600
THBS	uaz:UAZ-PF-228	THBS1	uniprot:P07996
THBS	uaz:UAZ-PF-228	THBS2	uniprot:P35442
THBS	uaz:UAZ-PF-228	THBS3	uniprot:P49746
THBS	uaz:UAZ-PF-228	THBS4	uniprot:P35443
THBS	uaz:UAZ-PF-228	COMP	uniprot:P49747
THR	uaz:UAZ-PF-229	THRA	uniprot:P10827
THR	uaz:UAZ-PF-229	THRB	uniprot:P10828
TN	uaz:UAZ-PF-230	TNC	uniprot:P24821
TN	uaz:UAZ-PF-230	TNN	uniprot:Q9UQP3
TN	uaz:UAZ-PF-230	TNR	uniprot:Q92752
TN	uaz:UAZ-PF-230	TNXB	uniprot:P22105
TNFRSF	uaz:UAZ-PF-231	CD27	uniprot:P26842
TNFRSF	uaz:UAZ-PF-231	CD40	uniprot:P25942
TNFRSF	uaz:UAZ-PF-231	EDA2R	uniprot:Q9HAV5
TNFRSF	uaz:UAZ-PF-231	FAS	uniprot:P25445
TNFRSF	uaz:UAZ-PF-231	LTBR	uniprot:P36941
TNFRSF	uaz:UAZ-PF-231	NGFR	uniprot:P08138
TNFRSF	uaz:UAZ-PF-231	TNFRSF10A	uniprot:O00220
TNFRSF	uaz:UAZ-PF-231	TNFRSF10B	uniprot:O14763
TNFRSF	uaz:UAZ-PF-231	TNFRSF10C	uniprot:O14798
TNFRSF	uaz:UAZ-PF-231	TNFRSF10D	uniprot:Q9UBN6
TNFRSF	uaz:UAZ-PF-231	TNFRSF11A	uniprot:Q9Y6Q6
TNFRSF	uaz:UAZ-PF-231	TNFRSF11B	uniprot:O00300
TNFRSF	uaz:UAZ-PF-231	TNFRSF12A	uniprot:Q9NP84
TNFRSF	uaz:UAZ-PF-231	TNFRSF13B	uniprot:O14836
TNFRSF	uaz:UAZ-PF-231	TNFRSF13C	uniprot:Q96RJ3
TNFRSF	uaz:UAZ-PF-231	TNFRSF14	uniprot:Q92956
TNFRSF	uaz:UAZ-PF-231	TNFRSF17	uniprot:Q02223
TNFRSF	uaz:UAZ-PF-231	TNFRSF18	uniprot:Q9Y5U5
TNFRSF	uaz:UAZ-PF-231	TNFRSF19	uniprot:Q9NS68
TNFRSF	uaz:UAZ-PF-231	TNFRSF1A	uniprot:P19438
TNFRSF	uaz:UAZ-PF-231	TNFRSF1B	uniprot:P20333
TNFRSF	uaz:UAZ-PF-231	TNFRSF21	uniprot:O75509
TNFRSF	uaz:UAZ-PF-231	TNFRSF25	uniprot:Q93038
TNFRSF	uaz:UAZ-PF-231	TNFRSF4	uniprot:P43489
TNFRSF	uaz:UAZ-PF-231	TNFRSF8	uniprot:P28908
TNFRSF	uaz:UAZ-PF-231	TNFRSF9	uniprot:Q07011
TOP2	uaz:UAZ-PF-232	TOP2A	uniprot:P11388
TOP2	uaz:UAZ-PF-232	TOP2B	uniprot:Q02880
Tryptase	uaz:UAZ-PF-233	TPSAB1	uniprot:Q15661
Tryptase	uaz:UAZ-PF-233	TPSB2	uniprot:P20231
Tryptase	uaz:UAZ-PF-233	TPSD1	uniprot:Q9BZJ3
Tryptase	uaz:UAZ-PF-233	TPSG1	uniprot:Q9NRR2
TUBA	uaz:UAZ-PF-234	TUBA1A	uniprot:Q71U36
TUBA	uaz:UAZ-PF-234	TUBA1B	uniprot:P68363
TUBA	uaz:UAZ-PF-234	TUBA1C	uniprot:Q9BQE3
TUBA	uaz:UAZ-PF-234	TUBA3C	uniprot:Q13748
TUBA	uaz:UAZ-PF-234	TUBA3D	uniprot:Q13748
TUBA	uaz:UAZ-PF-234	TUBA3E	uniprot:Q6PEY2
TUBA	uaz:UAZ-PF-234	TUBA4A	uniprot:P68366
TUBA	uaz:UAZ-PF-234	TUBA8	uniprot:Q9NY65
TUBA	uaz:UAZ-PF-234	TUBAL3	uniprot:A6NHL2
TUBB	uaz:UAZ-PF-235	TUBB	uniprot:P07437
TUBB	uaz:UAZ-PF-235	TUBB1	uniprot:Q9H4B7
TUBB	uaz:UAZ-PF-235	TUBB2A	uniprot:Q13885
TUBB	uaz:UAZ-PF-235	TUBB2B	uniprot:Q9BVA1
TUBB	uaz:UAZ-PF-235	TUBB3	uniprot:Q13509
TUBB	uaz:UAZ-PF-235	TUBB4A	uniprot:P04350
TUBB	uaz:UAZ-PF-235	TUBB4B	uniprot:P68371
TUBB	uaz:UAZ-PF-235	TUBB6	uniprot:Q9BUF5
TXN	uaz:UAZ-PF-236	TXN	uniprot:P10599
TXN	uaz:UAZ-PF-236	TXN2	uniprot:Q99757
TXNRD	uaz:UAZ-PF-237	TXNRD1	uniprot:Q16881
TXNRD	uaz:UAZ-PF-237	TXNRD2	uniprot:Q9NNW7
TXNRD	uaz:UAZ-PF-237	TXNRD3	uniprot:Q86VQ6
UBE2	uaz:UAZ-PF-238	CDC34	uniprot:P49427
UBE2	uaz:UAZ-PF-238	UBE2A	uniprot:P49459
UBE2	uaz:UAZ-PF-238	UBE2B	uniprot:P63146
UBE2	uaz:UAZ-PF-238	UBE2C	uniprot:O00762
UBE2	uaz:UAZ-PF-238	UBE2D1	uniprot:P51668
UBE2	uaz:UAZ-PF-238	UBE2D2	uniprot:P62837
UBE2	uaz:UAZ-PF-238	UBE2D3	uniprot:P61077
UBE2	uaz:UAZ-PF-238	UBE2D4	uniprot:Q9Y2X8
UBE2	uaz:UAZ-PF-238	UBE2E1	uniprot:P51965
UBE2	uaz:UAZ-PF-238	UBE2E2	uniprot:Q96LR5
UBE2	uaz:UAZ-PF-238	UBE2E3	uniprot:Q969T4
UBE2	uaz:UAZ-PF-238	UBE2F	uniprot:Q969M7
UBE2	uaz:UAZ-PF-238	UBE2G1	uniprot:P62253
UBE2	uaz:UAZ-PF-238	UBE2G2	uniprot:P60604
UBE2	uaz:UAZ-PF-238	UBE2H	uniprot:P62256
UBE2	uaz:UAZ-PF-238	UBE2I	uniprot:P63279
UBE2	uaz:UAZ-PF-238	UBE2J1	uniprot:Q9Y385
UBE2	uaz:UAZ-PF-238	UBE2J2	uniprot:Q8N2K1
UBE2	uaz:UAZ-PF-238	UBE2L3	uniprot:P68036
UBE2	uaz:UAZ-PF-238	UBE2L6	uniprot:O14933
UBE2	uaz:UAZ-PF-238	UBE2M	uniprot:P61081
UBE2	uaz:UAZ-PF-238	UBE2N	uniprot:P61088
UBE2	uaz:UAZ-PF-238	UBE2NL	uniprot:Q5JXB2
UBE2	uaz:UAZ-PF-238	UBE2Q1	uniprot:Q7Z7E8
UBE2	uaz:UAZ-PF-238	UBE2R2	uniprot:Q712K3
UBE2	uaz:UAZ-PF-238	UBE2S	uniprot:Q16763
UBE2	uaz:UAZ-PF-238	UBE2V1	uniprot:Q13404
UBE2	uaz:UAZ-PF-238	UBE2V2	uniprot:Q15819
UBE2	uaz:UAZ-PF-238	UBE2W	uniprot:Q96B02
VAV	uaz:UAZ-PF-239	VAV1	uniprot:P15498
VAV	uaz:UAZ-PF-239	VAV2	uniprot:P52735
VAV	uaz:UAZ-PF-239	VAV3	uniprot:Q9UKW4
VEGF	uaz:UAZ-PF-240	VEGFA	uniprot:P15692
VEGF	uaz:UAZ-PF-240	VEGFB	uniprot:P49765
VEGF	uaz:UAZ-PF-240	VEGFC	uniprot:P49767
VEGF	uaz:UAZ-PF-240	FIGF	uniprot:O43915
VEGF	uaz:UAZ-PF-240	PGF	uniprot:P49763
VEGFR	uaz:UAZ-PF-241	FLT1	uniprot:P17948
VEGFR	uaz:UAZ-PF-241	FLT4	uniprot:P35916
VEGFR	uaz:UAZ-PF-241	KDR	uniprot:P35968
WNT	pfam:PF00110	WNT1	uniprot:P04628
WNT	pfam:PF00110	WNT10A	uniprot:Q9GZT5
WNT	pfam:PF00110	WNT10B	uniprot:O00744
WNT	pfam:PF00110	WNT11	uniprot:O96014
WNT	pfam:PF00110	WNT16	uniprot:Q9UBV4
WNT	pfam:PF00110	WNT2	uniprot:P09544
WNT	pfam:PF00110	WNT2B	uniprot:Q93097
WNT	pfam:PF00110	WNT3	uniprot:P56703
WNT	pfam:PF00110	WNT3A	uniprot:P56704
WNT	pfam:PF00110	WNT4	uniprot:P56705
WNT	pfam:PF00110	WNT5A	uniprot:P41221
WNT	pfam:PF00110	WNT5B	uniprot:Q9H1J7
WNT	pfam:PF00110	WNT6	uniprot:Q9Y6F9
WNT	pfam:PF00110	WNT7A	uniprot:O00755
WNT	pfam:PF00110	WNT7B	uniprot:P56706
WNT	pfam:PF00110	WNT8A	uniprot:Q9H1J5
WNT	pfam:PF00110	WNT8B	uniprot:Q93098
WNT	pfam:PF00110	WNT9A	uniprot:O14904
WNT	pfam:PF00110	WNT9B	uniprot:O14905
p85	pfam:PF02192	p85alpha	uniprot:P27986
p85	pfam:PF02192	p85beta	uniprot:O00459
p85	pfam:PF02192	p55gamma	uniprot:Q92569
p110	uaz:UAZ-PF-242	p110alpha	uniprot:P42336
p110	uaz:UAZ-PF-242	p110beta	uniprot:P42338
p110	uaz:UAZ-PF-242	p110delta	uniprot:O00329
SMAD2/3	uaz:UAZ-PF-243	SMAD2	uniprot:Q15796
SMAD2/3	uaz:UAZ-PF-243	SMAD3	uniprot:P84022
SMAD 2/3	uaz:UAZ-PF-243	SMAD2	uniprot:Q15796
SMAD 2/3	uaz:UAZ-PF-243	SMAD3	uniprot:P84022
ERK1/2	uaz:UAZ-PF-244	ERK1	uniprot:P27361
ERK1/2	uaz:UAZ-PF-244	ERK2	uniprot:P28482
ERK 1/2	uaz:UAZ-PF-244	ERK1	uniprot:P27361
ERK 1/2	uaz:UAZ-PF-244	ERK2	uniprot:P28482
neuregulin	pfam:PF02158	NRG1	uniprot:Q02297
neuregulin	pfam:PF02158	NRG2	uniprot:O14511
neuregulin	pfam:PF02158	NRG3	uniprot:P56975
neuregulin	pfam:PF02158	NRG4	uniprot:Q8WWG1
neuroregulin	pfam:PF02158	NRG1	uniprot:Q02297
neuroregulin	pfam:PF02158	NRG2	uniprot:O14511
neuroregulin	pfam:PF02158	NRG3	uniprot:P56975
neuroregulin	pfam:PF02158	NRG4	uniprot:Q8WWG1
